citation.ID,n_potential_records,n_variables,variables_represented,sites_represented,n_pot_dup_sites,review_priority_score,ready_to_rerun_and_send,notes
Ma_2012_rdri,438,2,"biomass_ag, delta.agb",96,0,438,NA,data in SI. Also has delta agb
Dupuy_2012_paco,274,1,biomass_ag,1,0,274,0,digitized from figures 
Poorter_2016_bron,244,1,biomass_ag,7,0,244,NA,synthesis of many studies
Powers_2012_csaa,177,6,"biomass, deadwood, soil, total.ecosystem, biomass_ag_understory, deadwood_down",1,0,177,0,digitized from figures 
Fleming_1998_conm,104,6,"biomass_ag, biomass_ag_understory, biomass, deadwood_standing, deadwood_down, deadwood",1,0,104,1,
Orihuela-Belmonte_2013_csaa,101,7,"biomass_ag, deadwood, soil, biomass, biomass_ag_understory, biomass_root, deadwood_standing",1,0,101,NA,
Krankina_1999_nbfs,98,6,"biomass_ag_foliage, biomass_ag_woody, biomass_ag, biomass, biomass_root, ANPP_woody",15,0,98,NA,duplicates
Yang_2007_srac,103,9,"NEP, BNPP_root_coarse, BNPP_root_fine, BNPP_root, ANPP_litterfall_1, ANPP_woody_stem, R_het_litter, biomass_ag, biomass_root_fine",5,1,93,NA,
Frouz_2008_ibsd,91,2,"biomass_root, biomass_ag",1,0,91,0,digitized from figures (confirm)
Lukac_2003_ptam,91,3,"biomass_root, BNPP_root, BNPP_root_fine",1,0,91,NA,root study - lower priority
Lewis_2009_icsi,79,1,biomass_ag,79,0,79,NA,rainfor
Ishihara_2016_anmf,75,1,biomass_ag,4,0,75,NA,looks like data are in S3
Maier_2004_rcua,68,13,"ANPP_woody_stem, ANPP_woody_branch, ANPP_woody, BNPP_root_coarse, BNPP_root_fine, BNPP_root, R_eco, NEP, biomass, biomass_ag, biomass_root, biomass_root_coarse, biomass_root_fine",6,0,68,NA,
Smith_2012_tsdi,68,3,"BNPP_root_fine, biomass_root_fine, biomass_root_coarse",1,0,68,NA,BangorFACE roots-- lower priority
Curiel Yuste_2005_sria,65,9,"BNPP_root, BNPP_root_fine, BNPP_root.turnover_fine, biomass, biomass_ag, biomass_root, biomass_root_coarse, biomass_root_fine, R_eco",1,0,65,NA,
Sharma_2010_tdac,60,3,"biomass_ag, biomass, biomass_root",20,0,60,NA,on list
Swamy_2004_tgba,60,4,"biomass_ag, biomass_root, biomass_ag_foliage, biomass",3,0,60,NA,on list
Tepley_2017_vtfl,57,1,biomass_ag,57,0,57,1,
Gilroy_2014_ccab,53,1,total.ecosystem_2,1,0,53,NA,
Comeau_1999_nbfc,52,13,"ANPP_woody_stem, ANPP_woody_branch, ANPP_woody, BNPP_root_coarse, BNPP_root_fine, BNPP_root, biomass_ag_foliage, biomass_ag_woody, biomass_root_coarse, biomass_root_fine, biomass_ag, biomass, biomass_root",4,0,52,NA,
Vieira_2003_csfu,52,1,biomass_ag,3,0,52,NA,
Alban_1992_csil,51,4,"biomass, total.ecosystem, soil, deadwood",7,0,51,NA,
Feldpausch_2007_sfgd,50,1,biomass_ag,1,0,50,NA,
Neeff_2005_agmf,49,1,biomass_ag,1,0,49,NA,
van Breugel_2013_soes,45,1,biomass_ag,1,0,45,NA,
Crowell_1994_vdia,44,2,"biomass_ag, biomass_ag_foliage",1,0,44,NA,
CROWELL_1994_vdia,44,2,"biomass_ag_understory, biomass_ag",1,0,44,NA,
Ryan_1996_ffwa,44,14,"ANPP_woody_branch, ANPP_woody_stem, ANPP_woody, BNPP_root_coarse, BNPP_root_fine, BNPP_root, biomass_ag, biomass_ag_woody, biomass_ag_foliage, biomass_root_coarse, biomass_root_fine, biomass, biomass_root, BNPP_root.turnover_fine",2,0,44,NA,
Uri_2012_bpac,44,6,"biomass_ag, biomass_ag_woody, biomass_ag_foliage, soil, biomass_root, biomass_ag_understory",8,0,44,NA,
Wang_1995_aban,43,3,"biomass_ag, biomass_ag_understory, deadwood_down",4,0,43,NA,
Broadbent_2014_isas,42,2,"biomass_ag, soil",1,0,42,NA,
Curiel Yuste_2005_cnpp,42,14,"ANPP_woody_stem, ANPP_woody_branch, ANPP_woody, BNPP_root_coarse, BNPP_root_fine, BNPP_root, biomass_ag_foliage, biomass_ag_woody, biomass_root_coarse, biomass_root_fine, biomass_ag, biomass, biomass_root, BNPP_root.turnover_fine",3,0,42,NA,
Maseyk_2008_ract,42,7,"NEE, R_eco, NEP, biomass_ag, biomass_root, biomass_root_coarse, biomass_root_fine",1,0,42,NA,
Ruess_1996_cofr,42,7,"ANPP_woody, BNPP_root_fine, biomass_root_coarse, biomass_root_fine, biomass_ag, biomass, biomass_root",6,0,42,NA,
Ruark_1988_bnpp,40,8,"biomass_ag, biomass_root_fine, biomass_root_coarse, biomass_root, biomass, biomass_ag_foliage, deadwood_down, ANPP_woody_stem",1,0,40,NA,
Carswell_2012_capd,39,1,biomass_ag,2,0,39,NA,
Manlay_2002_cnap,39,3,"biomass_root, biomass_ag_understory, biomass_ag",1,0,39,1,
Norby_2002_nppo,37,6,"NEP, ANPP_woody_stem, BNPP_root_coarse, BNPP_root_fine, BNPP_root, NPP_woody",1,0,37,NA,
Albrektson_1980_bosp,36,3,"biomass_ag, biomass_root, biomass",1,0,36,NA,
Calfapietra_2003_fcef,36,5,"biomass_ag, biomass_ag_woody, biomass_root_coarse, biomass_root, biomass",1,0,36,NA,
Epron_2012_ponp,36,6,"BNPP_root, biomass, biomass_ag, biomass_root, biomass_root_coarse, biomass_root_fine",2,0,36,NA,
Gielen_2005_ncsi,36,6,"NEP, R_eco, ANPP_woody, BNPP_root_coarse, BNPP_root_fine, BNPP_root",1,0,36,NA,
Irvine_2007_pcpa,36,3,"NEP, BNPP_root, biomass_ag",12,0,36,NA,
Mekuria_2011_roec,36,2,"biomass_ag, biomass_ag_understory",1,0,36,NA,
Read_2003_robf,36,1,biomass_ag,3,0,36,NA,
Delaney_1997_tdoo,35,7,"biomass_ag, biomass_root, biomass, deadwood, total.ecosystem, litter, soil",5,0,35,NA,
Bartholomew_1953_mniu,33,7,"biomass_ag, biomass_ag_foliage, biomass_ag_woody, biomass_root, biomass, deadwood_down, litter",1,0,33,NA,
Anderson-Teixeira_2011_drop,32,5,"NEE, R_eco, biomass_ag, deadwood, soil",4,0,32,NA,
Onyekwelu_2004_abpa,30,3,"biomass_ag, biomass_ag_foliage, ANPP_woody_stem",1,0,30,NA,
Palm_1999_csat,30,1,biomass_ag,9,0,30,NA,
Pannatier_2012_rocf,30,4,"biomass_root_fine, NEP, BNPP_root, BNPP_root_fine",3,0,30,NA,
Peichl_2010_baeb,30,2,"NEE, R_eco",4,0,30,NA,
Shoch_2009_csob,30,1,biomass,1,0,30,NA,
Bargali_1992_safo,28,4,"biomass_ag, biomass_root_fine, biomass_root, biomass_ag_foliage",1,0,28,NA,
Peichl_2006_aabe,28,7,"biomass_ag, deadwood_down, deadwood_standing, soil, biomass_root, biomass_ag_foliage, total.ecosystem",4,0,28,NA,
Peichl_2014_cagg,28,7,"R_eco, NEP, BNPP_root, BNPP_root_fine, biomass, biomass_ag, biomass_root",4,0,28,NA,
Toledo_2006_ssai,28,1,biomass_ag,1,0,28,NA,
Granier_2003_dfca,27,2,"NEE, R_eco",5,0,27,NA,
Piotto_2011_sdof,27,1,biomass_ag,1,0,27,NA,
Alberti_2008_feca,26,5,"soil, biomass_ag, deadwood_standing, deadwood_down, biomass_ag_foliage",1,0,26,NA,
Fujiki_2017_pcae,26,1,biomass_ag,1,0,26,NA,
Ovington_1959_tgac,26,4,"biomass_ag, biomass_root_coarse, biomass_ag_foliage, biomass",1,0,26,NA,
Samuelson_2012_rbsc,26,3,"BNPP_root, biomass_root_coarse, biomass_root_fine",1,0,26,NA,
Gerwing_2002_doft,25,4,"biomass_ag, deadwood, deadwood_down, deadwood_standing",1,0,25,NA,
Shinjo_2006_cded,25,5,"R_het_litter, BNPP_root.turnover_fine, biomass_ag, biomass_root, soil",5,0,25,NA,
Fonseca_2011_cait,24,3,"biomass, deadwood, soil",1,0,24,NA,
Jokela_2000_eooa,24,2,"biomass_ag, ANPP_woody_stem",2,0,24,NA,
Kutsch_2005_shoe,24,8,"NEE, R_eco, ANPP_woody_stem, ANPP_woody_branch, ANPP_woody, BNPP_root_coarse, BNPP_root_fine, BNPP_root",3,0,24,NA,
Litton_2003_baab,24,2,"biomass_root, biomass_ag",11,0,24,NA,
McNicol_2015_doam,24,2,"biomass_root, biomass_ag",1,0,24,NA,
Neumann-Cosel_2011_scdu,24,1,biomass_ag,1,0,24,NA,
Norby_2010_ceof,24,1,ANPP_woody_stem,1,0,24,NA,NA
Parrotta_1999_pnca,24,3,"biomass_ag, biomass_root, soil",1,0,24,NA,
Scott_1977_tioo,24,4,"biomass_ag, biomass_root, biomass, biomass_ag_foliage",1,0,24,NA,
Tschakert_2007_ilsa,24,3,"biomass_ag, deadwood_down, biomass_ag_understory",1,0,24,NA,
Wandelli_2015_svic,24,1,biomass_ag,24,0,24,NA,
Wang_2013_eofa,24,1,biomass_root_fine,1,0,24,NA,
Ali_2017_cmol,23,1,biomass_ag,1,0,23,NA,
Harmand_2004_aabb,23,8,"biomass_ag_woody, deadwood, biomass_root_fine, biomass_root_coarse, biomass_root, biomass_ag_foliage, biomass_ag, biomass",1,0,23,NA,
Eaton_2006_wdsa,22,1,deadwood_down,1,0,22,NA,
Wang_2016_doec,22,2,"biomass_ag, biomass_root",2,0,22,NA,
China's Forest Editorial Committee_1999_cfvc,21,3,"biomass_ag, biomass, biomass_root",4,0,21,NA,
Grier_1977_opco,21,4,"biomass_ag, NEP, BNPP_root, biomass_root_coarse",2,0,21,NA,
Spracklen_2016_csas,21,3,"biomass_root, biomass_ag, deadwood_down",2,0,21,NA,
Egunjobi_1979_band,20,5,"biomass_ag_foliage, biomass_ag_woody, biomass_ag, biomass_root, biomass",1,0,20,NA,
Granier_2008_tyof,20,2,"NEE, R_eco",1,0,20,NA,
Grunwald_2007_adoc,20,2,"NEE, R_eco",1,0,20,NA,
Kajimoto_2006_saab,20,5,"biomass_ag_woody, biomass_ag_foliage, biomass_ag, biomass_root_coarse, biomass",3,0,20,NA,
Khomik_2010_rcos,20,5,"R_eco, biomass, biomass_ag, biomass_root, soil",4,0,20,NA,
Pena_2013_poso,20,1,biomass_ag,10,0,20,NA,
Post_1970_dpom,20,2,"biomass_ag, biomass_ag_foliage",1,0,20,NA,
Snedaker_1970_esot,20,2,"biomass_ag, biomass_ag_foliage",1,0,20,NA,
Zarin_2001_pbai,20,1,biomass_ag,1,0,20,NA,
Barr_2004_ivit,18,2,"NEE, R_eco",1,0,18,NA,
Barr_2007_ccot,18,2,"NEE, R_eco",1,0,18,NA,
Clark_2010_iiif,18,2,"NEE, R_eco",3,0,18,NA,
Epron_2013_ponp,18,3,"BNPP_root, biomass_root_coarse, biomass_root_fine",2,0,18,NA,
Ewel_1971_bcie,18,3,"biomass_ag, biomass_root, biomass",2,0,18,NA,
Ewel_1983_bafo,18,2,"biomass_ag, biomass_ag_understory",1,0,18,NA,
Madeira_2009_cita,18,1,biomass_ag,1,0,18,NA,
Monreal_2005_amfm,18,3,"biomass_root, biomass_ag_understory, biomass_ag",3,0,18,NA,
Noormets_2010_rocf,18,5,"NEE, R_eco, NEP, biomass_ag, biomass_root",2,0,18,NA,
Onyekwelu_2007_gbya,18,2,"biomass_ag, biomass_ag_foliage",1,0,18,NA,
Vincent_2006_sasv,18,2,"BNPP_root_fine, biomass_root_fine",9,0,18,NA,
Kazimirov_1997_eoea,17,1,biomass_ag,17,0,17,NA,
Linder_1998_nbfj,17,11,"ANPP_woody_stem, ANPP_woody_branch, ANPP_woody, BNPP_root_coarse, BNPP_root_fine, BNPP_root, biomass_ag_foliage, biomass_ag_woody, biomass_ag, biomass, biomass_root",3,0,17,NA,
Uhl_1990_dfsa,17,4,"biomass_ag_foliage, deadwood, biomass_ag, deadwood_down",1,0,17,NA,
van Breugel_2006_cdde,17,1,biomass_ag,1,0,17,NA,
Araujo-Murakami_2014_tpaa,16,8,"ANPP_woody_branch, ANPP_woody_stem, BNPP_root_coarse, BNPP_root_fine, biomass_ag, R_eco, NEP, BNPP_root",2,0,16,NA,
Burton_2004_scnd,16,1,biomass_root_fine,4,0,16,NA,
Chan_2016_ttaf,16,2,"biomass_ag_understory, biomass_ag",1,0,16,NA,
Lagomarsino_2013_dois,16,2,"biomass_root_coarse, biomass_root_fine",1,0,16,NA,
Noh_2013_cand,16,8,"NEP, BNPP_root, biomass, biomass_ag, biomass_root, biomass_root_coarse, biomass_root_fine, soil",1,0,16,NA,
Ryan_2010_fcep,16,2,"biomass_ag, biomass_root_coarse",4,0,16,NA,
San Jose_2008_lcac,16,4,"NEP, biomass, biomass_ag, biomass_root",4,0,16,NA,
Teklemariam_2009_eyoc,16,2,"NEE, R_eco",1,0,16,NA,
Almagro_2010_bcap,15,5,"BNPP_root, biomass, biomass_ag, biomass_root, soil",1,0,15,NA,
Boone_1988_sasc,15,2,"biomass_ag, deadwood_down",1,0,15,NA,
Cabral_2013_eeeb,15,1,biomass_ag,1,0,15,NA,
Hollinger_2004_satv,15,3,"biomass_ag_foliage, NEE, R_eco",1,0,15,NA,
Jain_1998_bpas,15,1,biomass_ag,3,0,15,NA,
Linder_1998_nbff,15,6,"biomass_ag_foliage, biomass_ag_woody, biomass_ag, biomass, biomass_root, BNPP_root",2,0,15,NA,
Nilsen_2008_tieo,15,5,"biomass, biomass_ag, biomass_root, biomass_root_coarse, biomass_root_fine",1,0,15,NA,
Sawamoto_2003_cine,15,3,"NEP, biomass_ag, soil",5,0,15,NA,
Schongart_2010_banp,15,4,"biomass_ag_woody, ANPP_litterfall_1, biomass_root, biomass_ag",2,0,15,NA,
Schulze_1995_aban,15,2,"biomass_ag, biomass_ag_foliage",2,0,15,NA,
Simmons_1996_ffcp,15,1,R_het_litter,15,0,15,NA,
Stocker_2013_ntfa,15,2,"ANPP_litterfall_1, ANPP_woody_branch",3,0,15,NA,NA
Tupek_2008_ffve,15,3,"R_eco, NEP, biomass",1,0,15,NA,
Arevalo_2011_luce,14,7,"NEP, biomass, biomass_ag, biomass_root, biomass_root_coarse, biomass_root_fine, soil",1,0,14,NA,
Bader_2009_frro,14,2,"biomass_root_fine, BNPP_root_fine",1,0,14,NA,
Kominami_2008_baee,14,10,"NEE, biomass_ag, delta.agb, BNPP_root_coarse, BNPP_root_fine, deadwood, NEP, BNPP_root, biomass, biomass_root",1,0,14,NA,
Krishnan_2008_fcti,14,2,"NEE, R_eco",1,0,14,NA,
Lebrija-Trejos_2008_scar,14,1,biomass_ag,1,0,14,NA,
Nakane_1997_scca,14,7,"R_het_litter, BNPP_root, BNPP_root_fine, biomass_ag, biomass_root, biomass_root_coarse, biomass_root_fine",1,0,14,NA,
Sorrensen_2000_lslu,14,1,biomass_ag,2,0,14,NA,
Szott_1994_bala,14,3,"biomass_ag, biomass_root, biomass",1,0,14,NA,
Toky_1983_ssfs,14,3,"biomass_ag, biomass_ag_foliage, ANPP_woody_stem",1,0,14,NA,
Williams-Linera_1983_banc,14,5,"biomass_ag, biomass_root, biomass, biomass_ag_foliage, biomass_ag_understory",3,0,14,NA,
Zu_2009_scec,14,3,"R_het_litter, biomass_root_coarse, biomass_root_fine",1,0,14,NA,
Kalaba_2013_fcsd,13,1,biomass_ag,1,0,13,NA,
Kutsch_2001_fmor,13,7,"NEP, R_eco, ANPP_woody, BNPP_root_coarse, BNPP_root_fine, BNPP_root, biomass_ag",1,0,13,NA,
Kutsch_2001_tcco,13,7,"NEP, R_eco, ANPP_woody, BNPP_root_coarse, BNPP_root_fine, BNPP_root, biomass_ag",1,0,13,NA,
Tu_2013_nasd,13,4,"R_het_litter, biomass_ag, biomass_root, biomass_root_fine",1,0,13,NA,
Aosaar_2016_bpan,12,3,"biomass_ag, biomass_root, biomass_ag_understory",1,0,12,NA,
Barr_2002_ctcb,12,2,"NEE, R_eco",2,0,12,NA,
Campoe_2012_spoc,12,1,biomass_ag,1,0,12,NA,
Cromer_1993_rtni,12,2,"biomass_ag, biomass_ag_foliage",1,0,12,NA,
Cummings_2002_abas,12,2,"biomass_ag, deadwood",1,0,12,NA,
Folster_1976_atef,12,3,"biomass_ag, biomass_ag_woody, biomass_ag_foliage",2,0,12,NA,
Gaumont-Guay_2009_scei,12,4,"R_eco, NEP, biomass_root_coarse, biomass_root_fine",1,0,12,NA,
Grunzweig_2015_scic,12,3,"biomass_ag, soil, total.ecosystem",1,0,12,NA,
Hilje_2012_caot,12,1,biomass_ag,1,0,12,NA,
Li_2013_cand,12,3,"biomass_ag, biomass_root, biomass_ag_understory",1,0,12,NA,
Moran_2000_eosf,12,2,"biomass_ag_understory, biomass_ag",1,0,12,NA,
Morrison_1973_doei,12,1,biomass_ag,4,0,12,NA,
Mukul_2016_tsfr,12,3,"biomass_ag, biomass_ag_understory, deadwood_down",1,0,12,NA,
Nykvist_1996_rosv,12,4,"biomass_ag, biomass_ag_foliage, biomass_ag_woody, biomass_ag_understory",1,0,12,NA,
O'Connell_2003_nepo,12,6,"BNPP_root, BNPP_root_fine, BNPP_root.turnover_fine, biomass, biomass_root_coarse, biomass_root_fine",2,0,12,NA,
Pena-Claros_2003_cifs,12,1,biomass_ag,2,0,12,NA,
Raharimalala_2012_qbos,12,2,"biomass_ag, biomass_ag_understory",1,0,12,NA,
Rocha_2014_epac,12,5,"ANPP_woody_branch, ANPP_woody_stem, BNPP_root_coarse, BNPP_root_fine, biomass_ag",2,0,12,NA,
Roupsard_2006_poea,12,8,"NEE, R_eco, ANPP_woody_stem, ANPP_woody_branch, ANPP_woody, BNPP_root_coarse, BNPP_root_fine, BNPP_root",1,0,12,NA,
Uribe_2013_eowo,12,2,"biomass_root, soil",1,0,12,NA,
Van Miegroet_2007_csas,12,3,"NEP, biomass_ag, biomass_root_coarse",1,0,12,NA,
Varik_2015_cbif,12,4,"NEP, BNPP_root, BNPP_root_fine, biomass_root_coarse",3,0,12,NA,
Versini_2013_tmoo,12,5,"biomass, biomass_ag, biomass_root, biomass_root_coarse, biomass_root_fine",1,0,12,NA,
Wang_2013_iolt,12,2,"R_het_litter, biomass",1,0,12,NA,
Xu_2012_ados,12,1,biomass_ag,1,0,12,NA,
Zhang_2011_lbpd,12,3,"biomass_ag, biomass_ag_understory, biomass_root",1,0,12,NA,
Zhu_2015_ascs,12,3,"R_eco, NEP, biomass_ag",1,0,12,NA,
Keith_2009_mmce,11,6,"NEE, BNPP_root_fine, BNPP_root_coarse, R_eco, BNPP_root.turnover_fine, delta.agb",1,0,11,NA,
Kennard_2002_sfsi,11,1,biomass_ag,1,0,11,NA,
MacLean_1976_bojp,11,1,biomass_ag,1,0,11,NA,
Powell_2006_econ,11,6,"NEE, biomass_ag_foliage, biomass_ag_woody, biomass_ag, biomass, biomass_root",1,0,11,NA,
Rodin_1967_pamc,11,3,"biomass_ag, biomass_root, biomass",2,0,11,NA,
Ruehr_2010_srfi,11,2,"biomass_root_fine, soil",1,0,11,NA,
Cannell_1982_wfba,10,1,biomass_ag,2,0,10,NA,
Cater_2011_srra,10,2,"biomass_root, soil",5,0,10,NA,
Ehman_2002_aiio,10,5,"NEE, ANPP_woody, BNPP_root_coarse, BNPP_root_fine, BNPP_root",1,0,10,NA,
Gaumont-Guay_2006_iota,10,4,"NEE, R_eco, NEP, biomass_root_fine",2,0,10,NA,
Guimaraes_1993_ldce,10,1,biomass_ag,1,0,10,NA,
Johnson_2000_paba,10,1,biomass_ag,2,0,10,NA,
Kadeba_1991_abpa,10,2,"biomass_ag, biomass_ag_foliage",1,0,10,NA,
Kajimoto_1999_aabb,10,10,"biomass_ag_woody, biomass_ag_foliage, biomass_ag, biomass_root_coarse, biomass_root_fine, biomass_root, ANPP_woody_stem, BNPP_root_coarse, BNPP_root_fine, BNPP_root",1,0,10,NA,
Li_1999_ssit,10,2,"biomass_ag, biomass_ag_understory",1,0,10,NA,
Lugo_1990_acao,10,1,biomass_ag,1,0,10,NA,
Ma_2007_ivic,10,2,"NEE, R_eco",1,0,10,NA,
Ryan_1992_mras,10,5,"biomass_ag_foliage, biomass_ag_woody, biomass_ag, biomass, biomass_root",2,0,10,NA,
Shaw_2005_aecd,10,1,biomass_ag,10,0,10,NA,
Takagi_2009_cicb,10,2,"R_eco, NEP",1,0,10,NA,
Tong_2012_eceo,10,2,"NEE, R_eco",1,0,10,NA,
USOLTSEV_1995_sbdo,10,2,"biomass_ag, biomass_root",1,0,10,NA,
Fortier_2015_bcna,9,3,"biomass_root, biomass_ag, biomass_ag_understory",3,0,9,NA,
Gahagan_2015_cfsa,9,5,"NEP, BNPP_root, BNPP_root_fine, biomass, soil",1,0,9,NA,
Jepsen_2006_acsi,9,1,biomass_ag,1,0,9,NA,
Klopatek_1998_iopo,9,3,"biomass, biomass_ag, biomass_root",1,0,9,NA,
Lawrence_2005_baay,9,1,biomass_ag,1,0,9,NA,
Le Goaster_1991_cenm,9,3,"biomass_ag, biomass_root, biomass",1,0,9,NA,
Lodhiyal_2003_banp,9,3,"biomass_ag, biomass_root, biomass",1,0,9,NA,
Mora_2014_tctd,9,1,biomass_ag,1,0,9,NA,
Richardson_2007_evid,9,1,NEE,1,0,9,NA,
Schedlbauer_2008_scdi,9,1,biomass_ag,8,0,9,NA,
Tewksbury_2007_socd,9,2,"biomass_ag, soil",1,0,9,NA,
Zhang_2011_cisc,9,3,"biomass_root_coarse, biomass_root_fine, soil",1,0,9,NA,
Arneth_1998_evrs,8,6,"R_eco, NEP, BNPP_root_fine, BNPP_root.turnover_fine, biomass_root_coarse, soil",1,0,8,NA,
Black_2000_icsb,8,2,"NEE, R_eco",1,0,8,NA,
Bolstad_2004_cawr,8,1,R_eco,2,0,8,NA,NA
Bolstad_2005_fapc,8,2,"biomass, biomass_root_fine",1,0,8,NA,
Carmona_2002_cwdb,8,2,"deadwood_down, deadwood_standing",1,0,8,NA,
de Aguiar_2013_dbpd,8,2,"biomass_ag_understory, biomass_ag",1,0,8,NA,
Deng_2010_rosr,8,2,"biomass_ag, biomass_root",1,0,8,NA,
Dragoni_2007_uoan,8,1,NEE,1,0,8,NA,
Finer_2003_canp,8,7,"biomass_ag, deadwood_standing, deadwood_down, litter, soil, biomass_root_coarse, biomass_root_fine",1,0,8,NA,
Fisk_2004_eifd,8,2,"biomass_root_coarse, biomass_root_fine",2,0,8,NA,
Grimm_1999_ntfs,8,8,"BNPP_root_fine, biomass_ag_foliage, biomass_ag_woody, biomass_root_coarse, biomass_root_fine, biomass_ag, biomass, biomass_root",1,0,8,NA,
Havas_1999_nbfk,8,8,"BNPP_root, biomass_ag_foliage, biomass_ag_woody, biomass_root_coarse, biomass_root_fine, biomass_ag, biomass, biomass_root",1,0,8,NA,
Heinemeyer_2012_etot,8,2,"R_eco, NEP",1,0,8,NA,
Kim_2004_eosd,8,2,"biomass_ag, soil",1,0,8,NA,
Kutsch_2010_hsra,8,1,NEP,1,0,8,NA,
Lee_2003_srfr,8,1,BNPP_root_fine,2,0,8,NA,NA
Maier_2000_scea,8,2,"NEP, biomass_root_fine",1,0,8,NA,
Misson_2005_iorf,8,2,"NEE, R_eco",1,0,8,NA,
Pilegaard_2001_tyoc,8,3,"NEE, R_eco, NEP",2,0,8,NA,
Scott_2009_eosd,8,2,"NEE, R_eco",1,0,8,NA,
Swamy_2010_fadm,8,1,ANPP_woody_stem,4,0,8,NA,NA
Takagi_2007_cots,8,2,"NEE, R_eco",1,0,8,NA,
Wu_2013_sotc,8,8,"R_eco, NEP, BNPP_root.turnover_fine, biomass, biomass_ag, biomass_root, biomass_root_coarse, soil",1,0,8,NA,
Yu_1999_doae,8,3,"biomass_ag, biomass_root, biomass",2,0,8,NA,
Davidson_2006_adsp,7,1,R_eco,1,0,7,NA,NA
Forrester_2013_emof,7,7,"NEP, BNPP_root, biomass, biomass_ag, biomass_root, biomass_root_coarse, biomass_root_fine",1,0,7,NA,
Kinerson_1977_ccia,7,7,"R_eco, NEP, BNPP_root, BNPP_root.turnover_fine, biomass, biomass_ag, biomass_root",1,0,7,NA,
Kowalski_2003_tacb,7,4,"NEE, R_eco, NEP, biomass_ag",3,0,7,NA,
Martinez-Sanchez_2015_rbsd,7,1,biomass_ag,6,0,7,NA,
Mendoza-Ponce_2010_aabb,7,2,"biomass_root, biomass_ag_understory",1,0,7,NA,
Rai_1986_esof,7,2,"ANPP_litterfall_1, ANPP_woody_stem",4,0,7,NA,NA
Wang_2003_cdoa,7,4,"biomass_ag, biomass, biomass_root, ANPP_woody_stem",3,0,7,NA,
Weaver_2001_ntfc,7,2,"biomass_ag, ANPP_litterfall_1",1,0,7,NA,
Wieser_2005_necd,7,7,"R_eco, NEP, biomass, biomass_ag, biomass_root, biomass_root_coarse, biomass_root_fine",1,0,7,NA,
Batson_2015_sgge,6,1,NEP,6,0,6,NA,
Bermudez_2007_fasr,6,1,biomass_ag,1,0,6,NA,
Bernhofer_2003_sfna,6,2,"NEE, R_eco",1,0,6,NA,
Bronson_2008_ross,6,1,biomass_root_fine,1,0,6,NA,
Cao_2012_poca,6,3,"biomass_ag, biomass_root, biomass_ag_understory",1,0,6,NA,
Carrara_2003_nece,6,1,NEE,1,0,6,NA,
Chen_2015_csaa,6,3,"biomass, biomass_root, biomass_ag_understory",1,0,6,NA,
Costa_2014_rasb,6,2,"biomass_root, biomass_ag",1,0,6,NA,
Fischer_2007_vibc,6,2,"BNPP_root_fine, biomass_ag",1,0,6,NA,
Fortier_2013_rbas,6,1,biomass_root,3,0,6,NA,
Giese_2000_satp,6,2,"biomass_ag_understory, biomass_ag",1,0,6,NA,
Gonzalez-Akre_2016_potm,6,2,"ANPP_woody_stem, woody.mortality_ag",1,0,6,NA,NA
Haynes_1995_bcai,6,3,"BNPP_root_fine, BNPP_root.turnover_fine, biomass_root_fine",1,0,6,NA,
Hirano_2007_cdbo,6,2,"NEE, R_eco",1,0,6,NA,
Huffman_2012_iots,6,1,biomass_ag,6,0,6,NA,
Hytonen_2015_bpoc,6,1,biomass_ag,2,0,6,NA,
Kim_2009_ioft,6,3,"biomass_ag, biomass_root_coarse, soil",1,0,6,NA,
Kim_2010_fcsc,6,2,"biomass_root, biomass_root_fine",1,0,6,NA,
Kosugi_2005_tyoc,6,2,"NEE, R_eco",1,0,6,NA,
Kotto-Same_1997_cdis,6,1,biomass_ag,2,0,6,NA,
Kwon_2010_iota,6,2,"NEE, R_eco",1,0,6,NA,
Litton_2008_anig,6,3,"biomass_root, biomass_root_coarse, biomass_root_fine",1,0,6,NA,
Lovelock_2015_cbfc,6,2,"R_eco, NEP",1,0,6,NA,
Makiranta_2008_fcta,6,1,R_het_litter,6,0,6,NA,NA
Martins_2012_eofo,6,2,"biomass_ag, biomass_ag_understory",1,0,6,NA,
Mayer_2014_scef,6,1,soil,6,0,6,NA,
Meyer_2013_afpf,6,6,"R_het_litter, NEP, biomass, biomass_root_coarse, biomass_root_fine, soil",1,0,6,NA,
Nagy_2006_fnec,6,1,NEE,1,0,6,NA,
Navarro_2007_fcdd,6,6,"ANPP_woody_stem, ANPP_woody_branch, ANPP_woody, BNPP_root_coarse, BNPP_root_fine, BNPP_root",1,0,6,NA,NA
Ohkubo_2007_cote,6,2,"NEE, NEP",1,0,6,NA,
Roser_2002_ncer,6,2,"NEE, R_eco",3,0,6,NA,
Sampson_2007_bros,6,1,biomass_ag,1,0,6,NA,
Saner_2012_csaf,6,4,"biomass_ag, biomass_root_fine, biomass_root, biomass_root_coarse",1,0,6,NA,
Schuur_2001_ccas,6,1,ANPP_woody_stem,6,0,6,NA,NA
Schuur_2005_ntfm,6,1,BNPP_root,6,0,6,NA,NA
Scott_2000_cand,6,2,"biomass_root, biomass_ag",1,0,6,NA,
Slik_2008_tdcf,6,1,biomass_ag,2,0,6,NA,
Srivastava_1995_baep,6,1,biomass_ag,2,0,6,NA,
Verlinden_2013_scei,6,4,"R_eco, NEP, biomass_root, soil",1,0,6,NA,
Villela_1999_lmca,6,2,"ANPP_litterfall_1, ANPP_woody_stem",3,0,6,NA,NA
Wang_2010_scfa,6,1,BNPP_root,1,0,6,NA,NA
Wang_2011_eoft,6,1,biomass_root,1,0,6,NA,
Won_2014_voes,6,6,"NEP, BNPP_root, biomass, biomass_ag, biomass_root, soil",1,0,6,NA,
Zribi_2015_wafs,6,3,"biomass_ag, biomass_root, soil",1,0,6,NA,
Aguilos_2013_slso,5,1,biomass_root,1,0,5,NA,
Arburak_2013_tcos,5,1,biomass_root_fine,1,0,5,NA,
Aththorick_2012_vssa,5,1,biomass_ag,1,0,5,NA,
Deng_2000_boch,5,5,"biomass, biomass_ag, biomass_ag_woody, biomass_ag_foliage, biomass_root",1,0,5,NA,
Feldpausch_2004_cana,5,1,biomass_ag_woody,1,0,5,NA,
Granier_2000_tcbo,5,3,"R_eco, NEP, biomass",1,0,5,NA,
Grier_1981_bdaa,5,4,"biomass_ag, biomass_ag_understory, biomass_root, deadwood_down",2,0,5,NA,
Kaye_1998_race,5,1,soil,1,0,5,NA,
Krishnan_2006_iocs,5,2,"NEE, R_eco",1,0,5,NA,
Lee_2013_ocda,5,5,"R_eco, NEP, biomass_ag, biomass_root, soil",1,0,5,NA,
Lips_1996_flit,5,1,ANPP_litterfall_1,5,0,5,NA,NA
Liu_1994_soba,5,1,biomass_ag,5,0,5,NA,
Luo_2007_msce,5,1,NEE,1,0,5,NA,
Martius_1997_dowi,5,2,"deadwood_down, woody.mortality_ag",4,0,5,NA,
Mialet-Serra_2005_asiv,5,5,"biomass_ag_foliage, biomass_ag_woody, biomass_ag, biomass, biomass_root",1,0,5,NA,
Nye_1998_ntfk,5,5,"biomass_ag_foliage, biomass_ag_woody, biomass_ag, biomass, biomass_root",1,0,5,NA,
Schulze_1967_srot,5,1,biomass_root,2,0,5,NA,
Tu_2011_ssnd,5,2,"NEP, biomass_ag",1,0,5,NA,
Vester_1998_taas,5,1,biomass_ag,1,0,5,NA,
Vucetich_2000_cpae,5,1,biomass_ag,5,0,5,NA,
Weaver_1986_eoit,5,5,"biomass_ag_woody, biomass_ag_foliage, biomass_ag, ANPP_litterfall_1, ANPP_woody_stem",1,0,5,NA,
Zhou_2002_eban,5,3,"biomass, biomass_ag, biomass_root",3,0,5,NA,
Akburak_2015_eoto,4,1,R_het_litter,1,0,4,NA,
Arneth_1998_nepn,4,4,"R_eco, NEP, BNPP_root_fine, BNPP_root.turnover_fine",1,0,4,NA,
Batterman_2013_kros,4,1,biomass,1,0,4,NA,
Binkley_2006_ttsr,4,2,"biomass_ag, biomass_root_fine",1,0,4,NA,
Brearley_2011_bssi,4,1,biomass_root,1,0,4,NA,
Brown_2014_sraa,4,1,biomass_root,4,0,4,NA,
Butler_2012_avis,4,2,"biomass_ag, biomass_root_fine",2,0,4,NA,
Caprez_2012_fsrr,4,2,"BNPP_root_fine, soil",1,0,4,NA,
Chen_2009_sleo,4,2,"biomass_root_coarse, biomass_root_fine",1,0,4,NA,
Coleman_2000_cfps,4,2,"biomass_root_coarse, biomass_root_fine",1,0,4,NA,
Coles_2004_lbca,4,2,"BNPP_root, BNPP_root_fine",1,0,4,NA,NA
d'Oliveira_2011_fnra,4,1,biomass_ag,1,0,4,NA,
Dang_1994_sotb,4,4,"biomass_ag, biomass_ag_woody, biomass_ag_foliage, biomass_root",1,0,4,NA,
Drake_2012_trsh,4,1,biomass_root_fine,1,0,4,NA,
Epron_1999_scei,4,4,"BNPP_root_fine, BNPP_root.turnover_fine, R_eco, biomass_root_fine",1,0,4,NA,
Frangi_1985_edoa,4,4,"biomass_ag, total.ecosystem_2, ANPP_litterfall_2, ANPP_woody_stem",1,0,4,NA,
Fredeen_2007_wdrs,4,1,NEE,1,0,4,NA,
Fujimori_1976_bapp,4,1,biomass_ag,4,0,4,NA,
Hernandez-Stefanoni_2011_iols,4,1,biomass_ag,1,0,4,NA,
Hertel_2009_coat,4,2,"ANPP_litterfall_1, ANPP_woody_stem",1,0,4,NA,NA
Hirano_2009_cotc,4,1,NEE,1,0,4,NA,
Huang_2014_ecat,4,2,"R_het_litter, biomass_root_fine",1,0,4,NA,
Ibrahim_2006_adce,4,1,biomass_ag,1,0,4,NA,
Inclan_2010_cdfa,4,1,soil,4,0,4,NA,
Jana_2010_eosc,4,1,soil,4,0,4,NA,
Kim_2008_scsl,4,2,"biomass_ag, soil",1,0,4,NA,
Knohl_2003_lcub,4,2,"NEE, R_eco",1,0,4,NA,
Leigh_1999_tfea,4,1,ANPP_litterfall_1,4,0,4,NA,NA
Leuning_2005_cawf,4,1,NEE,2,0,4,NA,
Matsushita_2015_eomt,4,2,"NEP, biomass_ag",1,0,4,NA,
Medina_1980_sria,4,2,"biomass_root, biomass_root_coarse",1,0,4,NA,
Milyukova_2002_cboa,4,2,"NEE, R_eco",1,0,4,NA,
Mollicone_2003_amaf,4,2,"NEE, R_eco",1,0,4,NA,
Nagy_2006_fane,4,4,"R_het_litter, R_eco, NEP, biomass",1,0,4,NA,
Ngao_2005_etco,4,4,"R_het_litter, biomass_root, biomass_root_coarse, biomass_root_fine",1,0,4,NA,
Pande_2005_bapi,4,1,ANPP_woody_stem,1,0,4,NA,NA
Panzacchi_2012_bcaa,4,2,"NEP, BNPP_root",1,0,4,NA,
Pare_1995_abaa,4,1,biomass_ag,1,0,4,NA,
Pulliam_1993_came,4,2,"biomass_root_coarse, biomass_root_fine",2,0,4,NA,
Raich_1997_ppae,4,1,ANPP_woody_stem,4,0,4,NA,NA
Salomao_1994_edbe,4,1,biomass_ag,1,0,4,NA,
Saner_2009_rsri,4,1,biomass_root_coarse,1,0,4,NA,
Santos_2003_eofo,4,2,"NEE, R_eco",1,0,4,NA,
Sawamoto_2000_sris,4,1,biomass_ag,4,0,4,NA,
Schulze_2000_tcan,74,7,"ANPP_woody_stem, ANPP_woody_branch, ANPP_woody, BNPP_root_coarse, BNPP_root_fine, BNPP_root, R_eco",12,7,4,NA,NA
Scott_1992_esoa,4,2,"deadwood, deadwood_standing",1,0,4,NA,
Silver_2004_csap,4,4,"soil, ANPP_woody_stem, biomass_root_fine, biomass_ag_woody",1,0,4,NA,
Stape_2008_paca,4,1,NEP,1,0,4,NA,
Takanashi_2005_ceia,4,2,"NEE, R_eco",1,0,4,NA,
Tang_2008_erai,4,1,R_eco,1,0,4,NA,NA
Thenkabail_2004_hiaa,4,1,biomass_ag,1,0,4,NA,
Tu_2010_eosn,4,1,biomass_root_fine,1,0,4,NA,
Ueyama_2006_cfot,4,2,"NEE, R_eco",1,0,4,NA,
Wan_2004_ceaw,4,1,biomass_root_fine,1,0,4,NA,
Yamulki_2013_scca,4,1,soil,1,0,4,NA,
Yang_2010_tbaa,4,4,"biomass_ag, biomass_root, biomass_ag_woody, biomass_ag_foliage",1,0,4,NA,
Yoneda_1978_sr,4,4,"R_het_litter, BNPP_root.turnover_fine, biomass_ag, biomass_root",1,0,4,NA,
Zhang_2006_svic,4,3,"NEE, R_eco, NEP",2,0,4,NA,
Alves_2010_fsal,3,1,ANPP_woody_stem,3,0,3,NA,NA
Anthoni_2004_faal,3,1,NEE,3,0,3,NA,
Atkinson_2015_lule,3,1,biomass_ag,3,0,3,NA,
Banfield_2002_virs,3,3,"biomass_ag, biomass, biomass_root",1,0,3,NA,
Battles_2002_vcsa,3,1,biomass_ag,1,0,3,NA,
Bertolin_2015_feac,3,1,total.ecosystem_2,3,0,3,NA,
Bu_2014_forb,3,1,biomass_ag,1,0,3,NA,
Chang_1997_bane,3,1,biomass_ag,1,0,3,NA,
Cotrufo_2011_dsda,3,1,BNPP_root.turnover_fine,1,0,3,NA,NA
Davis_2003_csaa,3,2,"biomass_ag, deadwood_down",2,0,3,NA,
Dezzeo_2006_lani,3,1,ANPP_litterfall_1,1,0,3,NA,NA
Dilly_2000_caes,3,3,"BNPP_root_fine, biomass_ag, biomass_root_fine",1,0,3,NA,
Du_1987_eaat,3,1,biomass_ag,3,0,3,NA,
Eaton_2009_locs,3,1,deadwood_down,1,0,3,NA,
Forrester_2006_caia,3,1,BNPP_root_coarse,1,0,3,NA,NA
Frangi_1991_hdta,3,3,"biomass_ag, biomass_ag_woody, biomass_ag_foliage",1,0,3,NA,
Funakawa_1997_esot,3,1,soil,3,0,3,NA,
Golley_1975_mcia,3,1,biomass_ag,1,0,3,NA,
Grigal_1985_bapo,3,1,biomass_ag,1,0,3,NA,
Hasselquist_2012_ceol,3,1,biomass_root_fine,1,0,3,NA,
Hermle_2010_crer,3,3,"R_eco, NEP, biomass",1,0,3,NA,
Huang_2010_rora,3,3,"biomass_root, biomass_ag_understory, biomass_ag",1,0,3,NA,
Jacobi_2014_cstd,3,3,"biomass_ag, biomass_root, deadwood_down",1,0,3,NA,
Jiang_2005_srrf,3,3,"biomass_root, biomass_root_coarse, biomass_root_fine",1,0,3,NA,
Johnson_2001_cans,3,1,biomass_ag,1,0,3,NA,
Keeton_2010_scaa,3,1,biomass_ag,2,0,3,NA,
Kim_2009_eocs,3,2,"biomass_ag, soil",1,0,3,NA,
Knohl_2008_reos,3,1,R_eco,1,0,3,NA,NA
Kunstadter_1978_fitf,3,1,biomass_ag,1,0,3,NA,
Lavigne_2003_srrt,3,1,biomass_ag,3,0,3,NA,
Lee_1999_loot,3,1,NEE,1,0,3,NA,
Li_2012_rcli,3,1,R_eco,3,0,3,NA,NA
Littlefield_2013_fccd,3,1,biomass_root_fine,2,0,3,NA,
Luizao_2004_voca,3,1,ANPP_litterfall_1,3,0,3,NA,NA
Malhi_1998_cdto,3,3,"NEE, R_eco, biomass_ag",1,0,3,NA,
Nouvellon_2012_acil,3,1,R_het_litter,1,0,3,NA,
Otuoma_2016_doac,3,1,biomass_ag,1,0,3,NA,
Pietikainen_1999_csom,3,1,biomass_ag,1,0,3,NA,
Ramachandran_2007_cseo,3,3,"biomass_ag, biomass, biomass_root",1,0,3,NA,
Rout_1989_srir,3,1,biomass_ag,1,0,3,NA,
Russell_1998_cdef,3,3,"BNPP_root, BNPP_root_fine, BNPP_root.turnover_fine",1,0,3,NA,NA
Sakata_2007_sosr,3,3,"R_het_litter, biomass_root_fine, soil",1,0,3,NA,
Salinas-Melgoza_2017_cefd,3,1,biomass_ag,1,0,3,NA,
Satakhun_2013_scea,3,3,"BNPP_root.turnover_fine, biomass_root_coarse, biomass_root_fine",1,0,3,NA,
Shibistova_2002_aerb,3,2,"R_eco, biomass_ag",1,0,3,NA,
Sigurdsson_2005_baco,3,1,biomass_ag_understory,1,0,3,NA,
Singh_1991_ssdm,3,1,ANPP_woody_stem,1,0,3,NA,NA
Terakunpisut_2007_cspi,3,1,biomass_ag,1,0,3,NA,
Tufekcioglu_2004_sriy,3,1,biomass_root_fine,1,0,3,NA,
Vande Walle_2007_tvah,3,3,"biomass_root, biomass_root_coarse, biomass_root_fine",1,0,3,NA,
Wang_2001_tiof,3,1,biomass_ag,3,0,3,NA,
Wang_2013_srao,3,1,soil,1,0,3,NA,
Xiao_2014_rold,3,1,R_het_litter,1,0,3,NA,NA
Yan_2011_tasv,3,1,biomass_root_fine,1,0,3,NA,
Yan_2015_aahr,3,1,biomass_root_fine,1,0,3,NA,
Zhang_2014_iosm,3,1,R_het_litter,1,0,3,NA,NA
Zheng_2008_vocs,3,3,"biomass_ag, biomass_root, biomass_ag_understory",1,0,3,NA,
Almagro_2009_tdos,2,1,biomass_ag,1,0,2,NA,
Andrews_1999_sorr,2,2,"BNPP_root_fine, BNPP_root.turnover_fine",1,0,2,NA,NA
Arain_2005_nepi,2,2,"NEE, R_eco",1,0,2,NA,
Armolaitis_2007_csan,2,2,"biomass_root, biomass_ag",1,0,2,NA,
Berbigier_2001_cawv,2,2,"NEE, R_eco",1,0,2,NA,
Black_1996_acow,2,2,"NEE, R_eco",1,0,2,NA,
Black_2007_iaec,2,1,NEE,1,0,2,NA,
Brito_2013_aoec,2,1,R_eco,1,0,2,NA,NA
Brown_1995_uitb,2,2,"biomass_ag, total.ecosystem_2",1,0,2,NA,
Chang_2008_sria,2,2,"biomass_ag, biomass_root",1,0,2,NA,
Chen_2010_cibc,2,1,biomass_root_fine,1,0,2,NA,
Chen_2010_daco,2,2,"NEE, R_eco",1,0,2,NA,
Chen_2011_spal,2,1,NEP,1,0,2,NA,
Chimner_2004_srro,2,2,"BNPP_root_fine, biomass_root_fine",1,0,2,NA,
Cuesta_2012_scpi,2,2,"biomass_ag_understory, biomass_ag",1,0,2,NA,
Dang_1992_sotb,2,1,biomass_ag,1,0,2,NA,
Dantas_1989_laln,2,1,ANPP_litterfall_1,2,0,2,NA,NA
De Santo_1976_smib,2,1,R_het_litter,1,0,2,NA,NA
Dean_2003_gmoe,2,1,biomass_ag,2,0,2,NA,
Delaney_1998_tqat,2,2,"deadwood, woody.mortality_ag",1,0,2,NA,
Diaz-Pines_2010_rtau,2,1,soil,1,0,2,NA,
Dilustro_2005_mast,2,1,BNPP_root_fine,2,0,2,NA,NA
Elberling_2005_scdi,2,2,"biomass_ag, biomass_root",1,0,2,NA,
Ernfors_2010_eowa,2,1,biomass_ag,2,0,2,NA,
Ewel_1987_scei,2,1,soil,2,0,2,NA,
Garbarino_2009_ieop,2,1,biomass_ag,2,0,2,NA,
Gaumont-Guay_2006_itdo,2,2,"NEP, biomass_root_fine",1,0,2,NA,
Geng_2011_sotc,2,2,"NEE, R_eco",1,0,2,NA,
Gleason_2010_ssad,2,1,ANPP_woody_stem,1,0,2,NA,NA
Griffis_2004_svap,2,2,"NEE, R_eco",1,0,2,NA,
Guner_2010_luta,2,1,biomass_root_fine,1,0,2,NA,
Han_2010_csaf,2,1,biomass_ag,1,0,2,NA,
Helcoski_2019_gsmd,2,1,ANPP_woody_stem,1,0,2,NA,NA
Hirano_2014_cdet,2,1,R_eco,1,0,2,NA,NA
Hofhansl_2011_tsaa,2,1,ANPP_woody_stem,1,0,2,NA,NA
Hoosbeek_2011_face,2,1,biomass_ag_woody,1,0,2,NA,
Hui_2007_srud,2,1,R_het_litter,1,0,2,NA,NA
Jarosz_2008_cdae,2,2,"NEE, R_eco",1,0,2,NA,
Jiang_1997_coac,2,2,"biomass_ag, biomass_root_coarse",1,0,2,NA,
Karjalainen_1996_tcsp,2,1,biomass_ag,2,0,2,NA,
Kim_2006_csla,2,2,"biomass_ag, soil",1,0,2,NA,
Koul_2008_plof,2,2,"biomass_ag, biomass_ag_understory",1,0,2,NA,
Li_1995_sobo,2,2,"biomass_ag, biomass_ag_understory",1,0,2,NA,
Li_2005_ymon,2,2,"NEE, R_eco",1,0,2,NA,
Liguori_2009_ecfi,2,1,NEP,1,0,2,NA,
Lin_1996_soeo,2,2,"biomass_ag, biomass_root",1,0,2,NA,
Lindroth_2008_mone,2,2,"NEE, R_eco",1,0,2,NA,
Lytle_1998_csce,2,1,biomass_root_fine,2,0,2,NA,
Lyuri_2013_cisr,2,1,soil,1,0,2,NA,
Martius_2004_lfls,2,1,ANPP_litterfall_1,2,0,2,NA,NA
Mattson_1993_doas,2,1,biomass_root_fine,1,0,2,NA,
McDowell_2001_bcao,2,1,BNPP_root_fine,1,0,2,NA,NA
Miao_2013_teow,2,2,"biomass_ag, biomass_root_fine",1,0,2,NA,
Monson_2002_csia,2,1,NEE,1,0,2,NA,
Myster_2017_gevd,2,1,biomass_ag,1,0,2,NA,
Nakai_2003_ycde,2,2,"NEE, R_eco",1,0,2,NA,
Ngao_2007_eoaa,2,1,biomass_root_coarse,2,0,2,NA,
Nikiema_2012_igge,2,1,biomass_root,1,0,2,NA,
Ohashi_2000_corr,2,1,biomass_root_fine,1,0,2,NA,
Ojanen_2012_cmsr,2,2,"R_eco, NEP",1,0,2,NA,
Pumpanen_2004_scef,2,2,"biomass_ag, R_het_litter",1,0,2,NA,
Raich_1983_eofc,2,1,biomass_root_fine,1,0,2,NA,
Rayment_1999_svic,2,2,"R_eco, NEP",1,0,2,NA,
Rhoades_2000_scda,2,1,biomass_root,1,0,2,NA,
Richards_1981_ffd,2,2,"R_het_litter, BNPP_root.turnover_fine",1,0,2,NA,
Robinson_2015_fies,2,1,biomass_ag,1,0,2,NA,
Ryan_1991_asmf,2,1,biomass_ag_woody,2,0,2,NA,
Schlegel_2008_eoft,2,1,biomass_ag,1,0,2,NA,
Schmid_2000_moca,2,2,"NEE, R_eco",1,0,2,NA,
Shi_2009_asce,2,1,biomass_root_fine,1,0,2,NA,
Silverster_1999_tbok,2,1,biomass_ag,2,0,2,NA,
Tang_2015_srac,2,2,"R_het_litter, NEP",1,0,2,NA,
Tate_1993_csat,2,2,"BNPP_root_fine, BNPP_root.turnover_fine",1,0,2,NA,
Tian_2010_srdi,2,1,biomass_root_fine,1,0,2,NA,
Tirone_2003_emfc,2,1,NEE,1,0,2,NA,
Tufekcioglu_2009_sria,2,1,biomass_root_fine,1,0,2,NA,
Tufekcioglu_2010_srar,2,1,biomass_root_fine,1,0,2,NA,
Valentini_1996_sncd,2,2,"NEE, R_eco",1,0,2,NA,
van Straaten_2010_sate,2,1,R_het_litter,1,0,2,NA,NA
Vargas_2010_maot,2,1,biomass_root_fine,1,0,2,NA,
Veillon_1985_ecda,2,1,ANPP_woody_stem,2,0,2,NA,NA
Veneklaas_1991_lanf,2,1,ANPP_litterfall_1,2,0,2,NA,NA
Wang_2013_ecst,2,1,BNPP_root,1,0,2,NA,NA
Widen_2001_scea,2,1,biomass_root_fine,2,0,2,NA,
Wu_2006_ysae,2,2,"NEE, R_eco",1,0,2,NA,
Yamakura_1986_tsia,2,2,"biomass_ag, ANPP_woody_stem",1,0,2,NA,
Zhu_2005_dops,2,1,biomass_ag,1,0,2,NA,
Araujo_2002_cmoc,1,1,NEE,1,0,1,NA,
Arneth_1999_aoac,1,1,biomass_ag,1,0,1,NA,
Ataka_2014_isce,1,1,R_het_litter,1,0,1,NA,NA
Atrashi-Andoh_2012_spac,1,1,R_het_litter,1,0,1,NA,NA
Aubinet_2001_ltcd,1,1,NEE,1,0,1,NA,
Aubrey_2012_iorc,1,1,biomass_root_fine,1,0,1,NA,
Barlow_2007_lfad,1,1,ANPP_woody_stem,1,0,1,NA,NA
Beets_1980_aado,1,1,biomass_ag,1,0,1,NA,
Bhupinderpal-Singh_2003_tras,1,1,biomass_root,1,0,1,NA,
Brown_1983_rhao,1,1,ANPP_woody_stem,1,0,1,NA,NA
Chae_2011_avos,1,1,biomass_ag,1,0,1,NA,
Comstedt_2011_aahs,1,1,biomass_root_fine,1,0,1,NA,
Crow_1978_bapi,1,1,biomass_ag,1,0,1,NA,
DeLucia_2003_tcob,1,1,R_eco,1,0,1,NA,NA
Dolman_2004_neeo,1,1,NEE,1,0,1,NA,
Euskirchen_2006_cfia,1,1,biomass_ag,1,0,1,NA,
Fan_2015_eoma,1,1,biomass_root_fine,1,0,1,NA,
Feng_1999_fbap,1,1,biomass_ag,1,0,1,NA,
Flower-Ellis_1980_iosp,1,1,biomass_ag,1,0,1,NA,
Frey_2006_eogo,1,1,biomass_root_fine,1,0,1,NA,
Gaumont-Guay_2008_bcor,1,1,biomass_root,1,0,1,NA,
Giday_2013_wbff,1,1,biomass_ag,1,0,1,NA,
Grimm_1981_cbeu,1,1,ANPP_woody_stem,1,0,1,NA,NA
Grunzweig_2003_csia,1,1,NEE,1,0,1,NA,
Guan_2006_cfoa,1,1,NEE,1,0,1,NA,
Guidolotti_2013_eoev,1,1,R_eco,1,0,1,NA,NA
Hanpattanakit_2015_mtva,1,1,biomass_root_fine,1,0,1,NA,
Harmon_1991_cwdd,1,1,biomass_ag,1,0,1,NA,
Hart_2003_bama,1,1,biomass_ag,1,0,1,NA,
Havas_1973_ifif,1,1,biomass_ag,1,0,1,NA,
Hegarty_1991_llpb,1,1,biomass_ag,1,0,1,NA,
Hollinger_1999_spae,1,1,NEE,1,0,1,NA,
Hozumi_1969_peot,1,1,biomass_ag,1,0,1,NA,
Hughes_2002_dota,1,1,biomass_ag,1,0,1,NA,
Juo_1996_spac,1,1,biomass_ag,1,0,1,NA,
Keyes_1981_aabn,1,1,biomass_ag,1,0,1,NA,
Kira_2013_ntfk,1,1,BNPP_root_coarse,1,0,1,NA,NA
Kominami_2012_hrcs,1,1,biomass,1,0,1,NA,
Leighty_2006_eomo,1,1,biomass_ag,1,0,1,NA,
Li_2007_tcso,1,1,biomass_ag,1,0,1,NA,
Li_2010_cdfo,1,1,NEE,1,0,1,NA,
Mackowski_1987_what,1,1,biomass_ag,1,0,1,NA,
Makiranta_2012_tiol,1,1,biomass,1,0,1,NA,
Martius_1998_wlsi,1,1,deadwood,1,0,1,NA,
Means_1992_banc,1,1,biomass_ag,1,0,1,NA,
Medlyn_2005_cboc,1,1,NEE,1,0,1,NA,
Miller_2004_bamm,1,1,NEE,1,0,1,NA,
Mirmanto_1999_eona,1,1,ANPP_woody_stem,1,0,1,NA,NA
Miyamoto_2006_fsap,1,1,ANPP_woody_stem,1,0,1,NA,NA
Mosquera_2007_cdlc,1,1,ANPP_woody_stem,1,0,1,NA,NA
Muller_1982_vpit,1,1,biomass_ag,1,0,1,NA,
Nakane_1996_rrrb,1,1,biomass_ag,1,0,1,NA,
Noormets_2012_troh,1,1,R_eco,1,0,1,NA,NA
O'Connell_1987_ldsr,1,1,soil,1,0,1,NA,
Oechel_1986_trob,1,1,biomass_ag,1,0,1,NA,
Ogawa_1965_ceso,1,1,biomass_ag,1,0,1,NA,
Olson_2001_nm,1,1,BNPP_root,1,0,1,NA,NA
Olson_2001_nmgp,1,1,BNPP_root,1,0,1,NA,NA
Overman_1994_eorm,1,1,biomass_ag,1,0,1,NA,
Pendall_2010_luas,1,1,biomass_ag,1,0,1,NA,
Pinard_1996_rfbb,1,1,biomass_ag,1,0,1,NA,
Reinke_1981_eola,1,1,R_het_litter,1,0,1,NA,NA
Rencz_2013_nbfs,1,1,biomass_ag_woody,1,0,1,NA,
Romero_2007_fcac,1,1,biomass_ag,1,0,1,NA,
Schindlbacher_2009_cldt,1,1,biomass_root_fine,1,0,1,NA,
Schindler_2006_cfoa,1,1,NEE,1,0,1,NA,
Schmelz_1965_ssoo,1,1,biomass_ag,1,0,1,NA,
Scott_2006_eiow,1,1,NEE,1,0,1,NA,
Sha_2005_srit,1,1,R_het_litter,1,0,1,NA,NA
Silberstein_2001_eboa,1,1,biomass,1,0,1,NA,
Sotta_2004_scei,1,1,biomass_ag,1,0,1,NA,
Tian_2012_cosr,1,1,R_het_litter,1,0,1,NA,NA
Tufekcioglu_1998_frdc,1,1,biomass_root_fine,1,0,1,NA,
Tulaphitak_1983_sfat,1,1,R_het_litter,1,0,1,NA,NA
Tulaphitak_1985_cisf,1,1,R_het_litter,1,0,1,NA,NA
Turner_1986_eofh,1,1,biomass_ag,1,0,1,NA,
Turner_1992_ncif,1,1,biomass_ag,1,0,1,NA,
Veenendal_2004_svie,1,1,NEE,1,0,1,NA,
Vitousek_1995_fndl,1,1,ANPP_woody_stem,1,0,1,NA,NA
Wang_1999_tiol,1,1,R_het_litter,1,0,1,NA,NA
Wang_2011_dscf,1,1,R_het_litter,1,0,1,NA,NA
Wang_2013_sosc,1,1,biomass,1,0,1,NA,
Wang_2015_lpat,1,1,R_het_litter,1,0,1,NA,NA
Weaver_1971_caso,1,1,biomass_ag,1,0,1,NA,
Weaver_2006_etef,1,1,ANPP_woody_stem,1,0,1,NA,NA
Woldendorp_2000_ecim,1,1,biomass_ag,1,0,1,NA,
Yamakura_1986_abot,1,1,biomass_ag,1,0,1,NA,
Yoneda_1990_doab,1,1,ANPP_woody_stem,1,0,1,NA,NA
Zeng_2014_srri,1,1,biomass_root_fine,1,0,1,NA,
Zhang_2008_doab,1,1,biomass_ag,1,0,1,NA,
Klinge_1975_basi,10,9,"biomass_ag, total.ecosystem_2, ANPP_woody_stem, biomass_ag_foliage, biomass_ag_woody, biomass_root_fine, biomass_root_coarse, biomass_root, biomass",3,1,0,NA,
Keith_2009_rofb,7,1,biomass_ag,7,1,-3,NA,
Salimon_2000_sfiw,5,1,biomass_ag,2,1,-5,NA,
Herbert_1999_fpae,4,1,ANPP_woody_stem,4,1,-6,NA,NA
Correia_2012_swas,3,1,biomass_ag,3,1,-7,NA,
Pyle_2008_docb,3,1,ANPP_woody_stem,3,1,-7,NA,NA
Vieira_2005_sgro,3,1,biomass_ag,3,1,-7,NA,
Esser_1997_weab,12,1,BNPP_root,12,2,-8,NA,NA
Adamek_2009_eeoe,1,1,ANPP_woody_stem,1,1,-9,NA,NA
Arthur_1992_bani,1,1,biomass_ag,1,1,-9,NA,
Baldocchi_2000_omne,1,1,NEE,1,1,-9,NA,
Busing_1993_bapo,1,1,biomass_ag,1,1,-9,NA,
Busing_1998_csad,1,1,biomass_ag,1,1,-9,NA,
Chambers_2001_tdar,1,1,biomass_ag,1,1,-9,NA,
Chave_2003_satv,1,1,ANPP_woody_stem,1,1,-9,NA,NA
Edwards_1975_eota,1,1,R_het_litter,1,1,-9,NA,NA
Greco_1996_svoc,1,1,NEE,1,1,-9,NA,
Hadley_2002_ceoa,1,1,NEE,1,1,-9,NA,
Katayama_2009_eofs,1,1,biomass_ag,1,1,-9,NA,
Kim_2007_aowf,1,1,biomass_ag,1,1,-9,NA,
Kirita_1971_sosr,1,1,R_het_litter,1,1,-9,NA,NA
Lee_2003_scit,1,1,biomass_root_fine,1,1,-9,NA,
Liang_2004_isco,1,1,biomass_root,1,1,-9,NA,
Lohila_2007_cdea,1,1,NEE,1,1,-9,NA,
Major_2010_fosb,1,1,biomass_ag,1,1,-9,NA,
Nakane_1975_doso,1,1,biomass_ag,1,1,-9,NA,
Ogawa_1978_lpac,1,1,R_het_litter,1,1,-9,NA,NA
Olajuyigbea_2012_ftas,1,1,R_eco,1,1,-9,NA,NA
Rey_2002_avis,1,1,biomass_ag,1,1,-9,NA,
Ruppert_2006_igsf,1,1,NEE,1,1,-9,NA,
Silva_2007_pdsn,1,1,ANPP_litterfall_1,1,1,-9,NA,NA
Taylor_2017_tari,21,1,ANPP_woody_stem,20,3,-9,NA,NA
Valentini_2008_sraa,1,1,R_het_litter,1,1,-9,NA,
Van Pelt_2004_qavc,1,1,biomass_ag,1,1,-9,NA,
Vasconcelos_2004_lpal,1,1,ANPP_litterfall_1,1,1,-9,NA,NA
Vasconcelos_2008_eosl,1,1,biomass_ag,1,1,-9,NA,
Vermetten_1994_cuba,1,1,NEE,1,1,-9,NA,
Wang_2006_rrob,1,1,R_eco,1,1,-9,NA,NA
Wang_2012_rppd,1,1,R_het_litter,1,1,-9,NA,NA
Wang_2013_dmas,1,1,R_het_litter,1,1,-9,NA,NA
Yamomoto_1999_saiv,1,1,NEE,1,1,-9,NA,
Yu_2011_aocf,1,1,NEE,1,1,-9,NA,
Zhanghe_1992_soba,1,1,ANPP_woody_stem,1,1,-9,NA,NA
Falge_2002_soer,18,2,"NEE, R_eco",10,3,-12,NA,
Griffis_2003_ecot,6,2,"NEE, R_eco",3,2,-14,NA,
Lund_2010_vieo,6,2,"NEE, R_eco",2,2,-14,NA,
Kalyn_2006_cofr,4,1,BNPP_root_fine,4,2,-16,NA,NA
Wei_2015_avih,4,1,biomass_root,2,2,-16,NA,
Chave_2001_eobi,3,2,"biomass_ag, ANPP_woody_stem",3,2,-17,NA,
Hahn_2006_catf,3,1,BNPP_root.turnover_fine,3,2,-17,NA,NA
Tan_2011_aosa,3,2,"biomass, ANPP_woody_stem",3,2,-17,NA,
Trumbore_1995_bcoc,3,3,"ANPP_woody_stem, BNPP_root_fine, BNPP_root.turnover_fine",2,2,-17,NA,NA
Allen_2000_eofc,2,1,BNPP_root_fine,1,2,-18,NA,NA
Anthoni_1999_cawv,2,1,NEE,1,2,-18,NA,
Bernhard-Reversat_1978_safo,2,1,ANPP_woody_stem,2,2,-18,NA,NA
Bowden_1993_coal,2,2,"R_het_litter, biomass_root_fine",1,2,-18,NA,
Bronson_2007_ross,2,1,biomass_root_fine,1,2,-18,NA,
Burke_1997_eofo,2,1,biomass_ag,2,2,-18,NA,
Carswell_2002_sica,2,2,"NEE, R_eco",1,2,-18,NA,
Cook_2004_ceav,2,2,"NEE, R_eco",1,2,-18,NA,
Cuevas_1986_ndwa,2,2,"ANPP_litterfall_1, ANPP_woody_stem",1,2,-18,NA,NA
Davis_2003_taco,2,2,"NEE, R_eco",1,2,-18,NA,
Dolman_2002_tcuo,2,2,"NEE, R_eco",1,2,-18,NA,
Edwards_1977_somc,2,2,"biomass_ag, ANPP_woody_stem",2,2,-18,NA,
Edwards_1989_cdap,2,2,"R_het_litter, biomass_ag",1,2,-18,NA,
Edwards_2013_ntfm,2,2,"ANPP_litterfall_1, ANPP_litterfall_2",1,2,-18,NA,NA
Gaudinski_2000_scci,2,2,"BNPP_root_fine, BNPP_root.turnover_fine",1,2,-18,NA,
Hughes_2000_eiod,2,2,"biomass_ag, total.ecosystem_2",1,2,-18,NA,
Jassal_2005_rbsc,2,2,"biomass_ag, biomass_root",1,2,-18,NA,
Jiabing_2006_ysae,2,2,"R_eco, NEP",1,2,-18,NA,
Khomik_2006_tasv,2,1,R_eco,1,2,-18,NA,NA
King_2001_fbaf,2,1,biomass_root_fine,1,2,-18,NA,
Klinge_1983_pson,2,2,"biomass_ag, biomass_root",1,2,-18,NA,
Lai_2002_mnte,2,2,"NEE, R_eco",1,2,-18,NA,
Li_2005_csoc,2,1,soil,1,2,-18,NA,
Liang_2010_sceo,2,2,"R_het_litter, R_eco",1,2,-18,NA,NA
Luan_2013_fasv,2,1,biomass_root_fine,1,2,-18,NA,
McCaughey_2006_cdae,2,2,"NEE, R_eco",1,2,-18,NA,
Nakane_1980_csoc,2,1,biomass_ag,2,2,-18,NA,
Naughton-Treves_2002_fraf,2,1,biomass_ag,1,2,-18,NA,
Ohtsuka_2013_ccas,2,2,"NEP, BNPP_root_fine",1,2,-18,NA,
Omeja_2011_fcaa,2,1,biomass_ag,1,2,-18,NA,
Palmroth_2005_crtd,2,1,biomass_ag,1,2,-18,NA,
Peng_1994_bpae,2,2,"biomass, biomass_ag",1,2,-18,NA,
Pumpanen_2015_sdoa,2,2,"R_eco, NEP",1,2,-18,NA,
Saigusa_2002_gppa,2,2,"NEE, R_eco",1,2,-18,NA,
Sotta_2006_lacc,2,1,R_het_litter,1,2,-18,NA,NA
Tan_2013_sria,2,2,"R_het_litter, biomass_ag",1,2,-18,NA,
Vourlitis_2004_eomv,2,2,"NEE, R_eco",1,2,-18,NA,
Wang_2004_nece,2,2,"NEE, R_eco",1,2,-18,NA,
Wang_2007_srin,2,1,biomass_root,1,2,-18,NA,
Wang_2010_coec,2,2,"R_eco, NEP",1,2,-18,NA,
Wang_2012_dcos,2,1,biomass_root_fine,1,2,-18,NA,
Wofsy_1993_neoc,2,2,"NEE, R_eco",1,2,-18,NA,
Zhang_2010_cocf,2,2,"NEE, R_eco",1,2,-18,NA,
Zhou_2013_tasa,2,1,R_het_litter,1,2,-18,NA,NA
Zimmerman_2009_lctd,2,2,"R_het_litter, soil",1,2,-18,NA,
Ohmann_1979_eran,30,1,biomass_ag,3,5,-20,NA,
Liu_2014_htpa,29,3,"biomass_ag, biomass, biomass_root",10,5,-21,NA,
Ostertag_2001_eona,9,3,"ANPP_woody_stem, BNPP_root_fine, biomass_root_fine",3,3,-21,NA,
Ito_2002_asmo,8,4,"biomass_ag_foliage, biomass_ag_woody, biomass_root, biomass_ag",4,3,-22,NA,
Schulze_1999_pofi,6,2,"biomass_ag, NEE",5,3,-24,NA,
Baldocchi_2010_otda,5,1,R_eco,5,3,-25,NA,NA
Finzi_2014_nppa,5,1,biomass_ag,4,3,-25,NA,
Ross_2012_ecrl,14,2,"deadwood_down, biomass",7,4,-26,NA,
Zimmermann_2010_tvac,4,1,soil,4,3,-26,NA,
Baldocchi_2008_bott,3,1,NEE,1,3,-27,NA,
Chen_2003_cboa,13,13,"biomass_ag, total.ecosystem_2, biomass_ag_foliage, deadwood_standing, total.ecosystem, biomass_root_fine, biomass_root_coarse, biomass_root, soil, R_eco, NEP, BNPP_root, BNPP_root_fine",2,4,-27,NA,
Chen_2009_scoi,3,3,"R_eco, NEP, soil",1,3,-27,NA,
Clark_1999_econ,3,1,NEE,1,3,-27,NA,
Clark_2000_lvif,3,1,biomass_ag,3,3,-27,NA,
de Camargo_1999_scdi,3,1,biomass_ag,1,3,-27,NA,
DeLucia_1999_nppo,3,3,"ANPP_woody, BNPP_root_fine, BNPP_root",1,3,-27,NA,NA
Edwards_1983_scdi,3,2,"soil, biomass_ag",1,3,-27,NA,
Foster_1982_fobc,3,2,"ANPP_woody_stem, ANPP_litterfall_1",2,3,-27,NA,NA
Goulden_1998_sobf,3,1,NEE,1,3,-27,NA,
Jaramillo_2003_rbac,3,1,biomass_root,1,3,-27,NA,
Keller_2001_beit,3,2,"biomass_ag, biomass_root",1,3,-27,NA,
LUGO_1992_cott,3,3,"biomass_root, biomass_ag_understory, biomass_ag",1,3,-27,NA,
Markkanen_2001_ecfo,3,1,NEE,1,3,-27,NA,
Metcalfe_2007_fcsv,3,1,R_het_litter,1,3,-27,NA,NA
Nakane_1983_eorr,3,2,"biomass_ag, biomass_root_coarse",1,3,-27,NA,
Nakane_1995_scci,3,3,"R_het_litter, biomass_ag, biomass_root_coarse",1,3,-27,NA,
Naughton-Treves_2001_fraf,3,2,"biomass_ag, biomass_ag_understory",1,3,-27,NA,
Olson_2013_nmna,13,1,BNPP_root,13,4,-27,NA,NA
Priess_2001_mpas,3,1,biomass_root_coarse,3,3,-27,NA,
Silva_2016_faso,3,1,biomass_ag,1,3,-27,NA,
Vargas_2009_eovt,3,1,biomass_ag,1,3,-27,NA,
Wang_2007_sria,3,2,"biomass_ag, biomass_root",1,3,-27,NA,
Wang_2009_coal,3,1,R_het_litter,1,3,-27,NA,NA
Wang_2010_cosr,3,1,biomass_root,1,3,-27,NA,
Wei_2014_tnap,3,3,"biomass_root, biomass_ag, biomass_ag_understory",1,3,-27,NA,
Werner_2006_ncac,3,3,"biomass, biomass_ag, biomass_root",1,3,-27,NA,
Yan_2009_sraw,3,1,R_het_litter,1,3,-27,NA,
Yashiro_2010_beon,3,2,"NEP, BNPP_root",1,3,-27,NA,
Yi_2007_psro,3,1,biomass_root_fine,1,3,-27,NA,
Zhou_2012_scca,3,1,biomass_root,1,3,-27,NA,
Desai_2005_cnee,12,6,"NEE, R_eco, ANPP_woody_stem, BNPP_root_coarse, BNPP_root_fine, BNPP_root",2,4,-28,NA,
Nygard_2004_wyis,12,2,"biomass_ag_woody, biomass_ag",7,4,-28,NA,
Yanai_2006_tvah,9,3,"biomass_root_coarse, biomass_root_fine, biomass_root",6,4,-31,NA,
Amiro_2010_eacd,7,1,NEE,3,4,-33,NA,
Bae_2015_snaa,6,1,biomass_root_fine,3,4,-34,NA,
Payeur-Poirier_2012_cfoa,6,2,"R_eco, NEP",3,4,-34,NA,
Singh_2008_eoff,6,2,"R_eco, NEP",3,4,-34,NA,
Tanner_1980_sotb,6,3,"biomass_ag, total.ecosystem_2, ANPP_woody_stem",5,4,-34,NA,
Trumbore_2006_dofr,6,1,biomass_root_fine,2,4,-34,NA,
Yu_2013_spac,6,2,"NEE, R_eco",3,4,-34,NA,
Buchmann_2000_baaf,4,4,"R_het_litter, BNPP_root, BNPP_root_fine, BNPP_root.turnover_fine",1,4,-36,NA,NA
Giardina_2004_bcci,4,2,"R_het_litter, BNPP_root",1,4,-36,NA,NA
Giasson_2006_ecff,4,2,"NEE, R_eco",1,4,-36,NA,
Gough_2007_mcob,4,4,"NEP, BNPP_root, BNPP_root_fine, BNPP_root.turnover_fine",1,4,-36,NA,
Keith_1997_aoci,4,2,"ANPP_woody_stem, BNPP_root_coarse",1,4,-36,NA,NA
Li_2004_eora,4,2,"biomass_root_coarse, biomass_root_fine",1,4,-36,NA,
Liu_1998_banp,4,4,"biomass_ag, biomass_ag_woody, biomass_ag_foliage, biomass_root",1,4,-36,NA,
Loescher_2003_econ,4,2,"NEE, biomass_ag",1,4,-36,NA,
Marks_1972_rffc,4,1,biomass_ag,1,4,-36,NA,
Mateus_2006_seoe,4,2,"NEE, R_eco",1,4,-36,NA,
Nebel_2001_safc,4,1,ANPP_woody_stem,3,4,-36,NA,NA
Noormets_2008_ddcd,4,2,"NEE, R_eco",1,4,-36,NA,
Pregitzer_2008_srrb,4,1,biomass_root_fine,1,4,-36,NA,
Scatena_1996_tffy,4,2,"biomass_ag, ANPP_litterfall_1",1,4,-36,NA,
Schmid_2003_eeoc,4,2,"NEE, R_eco",1,4,-36,NA,
Sullivan_2008_trsc,4,1,biomass_root_fine,1,4,-36,NA,
Suni_2003_ivat,4,1,NEE,1,4,-36,NA,
Tang_2009_scfa,4,1,biomass_root,4,4,-36,NA,
Vasconcelos_2004_masa,4,1,R_het_litter,1,4,-36,NA,NA
Wei_2013_recs,4,4,"biomass_root, biomass_ag, biomass_ag_understory, deadwood_down",1,4,-36,NA,
Williams_2014_pdoc,4,2,"R_eco, NEP",1,4,-36,NA,
Yashiro_2012_teod,4,1,biomass_ag,1,4,-36,NA,
Kato_2008_svam,13,2,"NEE, R_eco",6,5,-37,NA,
Amiro_2006_ceaw,11,1,NEE,6,5,-39,NA,
Hutley_2005_tuot,9,2,"NEE, R_eco",2,5,-41,NA,
Hamilton_2002_fcbu,17,8,"NEP, R_eco, BNPP_root_fine, biomass_ag, biomass, biomass_root, biomass_root_coarse, biomass_root_fine",2,6,-43,NA,
Weaver_1990_fsap,6,4,"ANPP_woody_stem, biomass_ag_foliage, biomass_ag_woody, biomass_ag",2,5,-44,NA,
Bormann_1979_papi,5,1,biomass_ag,1,5,-45,NA,
Chao_2008_wdas,5,2,"deadwood, woody.mortality_ag",1,5,-45,NA,
Cuevas_1991_aabo,5,4,"biomass_ag, biomass_root_fine, ANPP_woody_stem, BNPP_root_fine",2,5,-45,NA,
Falk_2005_isra,5,1,biomass,1,5,-45,NA,
Fenn_2015_tcco,5,5,"R_het_litter, R_eco, NEP, BNPP_root, BNPP_root_fine",1,5,-45,NA,
Garten_2006_mfsc,5,1,soil,2,5,-45,NA,
Goulden_1996_eocd,5,1,NEE,1,5,-45,NA,
Liu_2001_soba,5,5,"biomass, biomass_ag, biomass_ag_woody, biomass_ag_foliage, biomass_root",1,5,-45,NA,
Martinez-Yrizar_1992_apoa,5,1,ANPP_woody_stem,5,5,-45,NA,NA
Moser_2007_acil,5,1,ANPP_woody_stem,5,5,-45,NA,NA
Ngo_2013_csip,5,2,"biomass_ag, biomass_root_fine",2,5,-45,NA,
Paw U_2004_cdeb,5,1,NEE,1,5,-45,NA,
Suni_2003_lmos,5,1,NEE,1,5,-45,NA,
Tan_2010_cboa,5,5,"R_het_litter, R_eco, NEP, BNPP_root.turnover_fine, biomass",1,5,-45,NA,
Wirth_1999_abas,5,1,biomass_ag,1,5,-45,NA,
Yi_2000_baeo,5,5,"biomass, biomass_ag, biomass_ag_woody, biomass_ag_foliage, biomass_root",1,5,-45,NA,
Zhou_2013_psru,5,1,biomass_root,1,5,-45,NA,
Gower_2001_nppa,114,7,"ANPP_woody, BNPP_root, biomass_ag, biomass, biomass_root, BNPP_root_coarse, BNPP_root_fine",21,16,-46,NA,
Fang_2010_eome,12,3,"biomass, biomass_root_fine, soil",4,6,-48,NA,
Malhi_2009_caoc,9,3,"R_eco, NEP, BNPP_root",3,6,-51,NA,
Chambers_2000_dacc,6,3,"deadwood, woody.mortality_ag, ANPP_woody_stem",5,6,-54,NA,
Chambers_2004_rfat,6,4,"NEP, R_eco, ANPP_woody, BNPP_root",2,6,-54,NA,
Chazdon_2005_eoca,6,1,biomass_ag,1,6,-54,NA,
Deng_2012_eopi,6,2,"biomass_ag, soil",1,6,-54,NA,
Fahey_2005_tboc,6,6,"BNPP_root, BNPP_root_fine, BNPP_root.turnover_fine, biomass, biomass_ag, biomass_root",1,6,-54,NA,
Falk_2008_fpia,6,1,NEE,1,6,-54,NA,
Guidi_2014_ciso,6,2,"biomass_root, biomass_ag",1,6,-54,NA,
Hirata_2007_saiv,6,2,"NEE, R_eco",1,6,-54,NA,
Humphreys_2005_nepo,6,2,"NEE, R_eco",1,6,-54,NA,
Irvine_2008_ivis,6,1,biomass_root_fine,1,6,-54,NA,
Juang_2006_mner,6,2,"NEE, R_eco",1,6,-54,NA,
Keith_1997_eosp,6,3,"biomass_ag, biomass_root_coarse, biomass_root_fine",1,6,-54,NA,
Liang_2013_rosr,6,1,biomass_root_fine,1,6,-54,NA,
Mall_1991_sobl,6,3,"biomass, biomass_ag, biomass_root",2,6,-54,NA,
Markewitz_2004_nlar,6,2,"biomass_ag_understory, biomass_ag",1,6,-54,NA,
Reiners_1992_tyoe,6,1,biomass_ag,1,6,-54,NA,
Shibata_2005_ccab,6,6,"NEE, ANPP_woody_stem, BNPP_root_coarse, NPP_woody, woody.mortality_ag, NEP",2,6,-54,NA,
Takyu_2003_cibp,6,1,ANPP_woody_stem,6,6,-54,NA,NA
Tang_2006_dosr,6,2,"biomass_ag, biomass_root_fine",1,6,-54,NA,
Valverde-Barrantes_2007_ralf,6,1,biomass_root_fine,1,6,-54,NA,
Williams_2005_aiao,6,2,"NEE, R_eco",1,6,-54,NA,
Wilson_2001_cieo,6,2,"NEE, NEP",2,6,-54,NA,
Zhang_2006_sdos,6,2,"R_het_litter, biomass",1,6,-54,NA,
Kljun_2006_rone,24,2,"NEE, R_eco",3,8,-56,NA,
Palace_2007_niua,14,4,"deadwood_standing, deadwood_down, deadwood, woody.mortality_ag",2,7,-56,NA,
Oliveras_2014_agaa,10,5,"BNPP_root, biomass_ag, soil, biomass, biomass_root",3,7,-60,NA,
Bergeron_2007_cocd,9,5,"NEE, R_eco, biomass_ag, biomass, biomass_root",3,7,-61,NA,
Bongers_1985_pson,7,3,"biomass_ag, biomass_root, total.ecosystem_2",1,7,-63,NA,
Kira_1998_ntfk,7,7,"ANPP_woody, BNPP_root_coarse, BNPP_root_fine, BNPP_root, biomass_ag_foliage, biomass_ag_woody, biomass_ag",1,7,-63,NA,
Law_1999_saar,7,5,"NEP, R_eco, biomass_ag_foliage, biomass_ag_woody, biomass_ag",2,7,-63,NA,
Lutz_2018_giol,17,1,biomass_ag,17,8,-63,NA,
Maass_2001_ntfc,7,7,"ANPP_woody, BNPP_root_coarse, BNPP_root_fine, BNPP_root, biomass_ag, biomass, biomass_root",1,7,-63,NA,
Nascimento_2002_tabi,7,4,"biomass_ag, deadwood_down, deadwood_standing, deadwood",1,7,-63,NA,
Oren_2006_etui,7,1,NEE,1,7,-63,NA,
Ricciuto_2008_coiv,7,1,NEE,1,7,-63,NA,
Sierra_2007_satv,7,5,"NEP, BNPP_root_fine, biomass_ag, biomass, biomass_root",1,7,-63,NA,
Sommer_2000_csar,7,1,biomass_root,1,7,-63,NA,
Malhi_1999_tcbo,36,11,"NEE, biomass_ag_foliage, biomass_ag_woody, biomass_root_coarse, biomass_ag, biomass, biomass_root, biomass_root_fine, BNPP_root, BNPP_root_fine, BNPP_root.turnover_fine",6,10,-64,NA,
Proctor_2013_ntfg,16,4,"biomass_ag, deadwood_standing, ANPP_litterfall_1, ANPP_woody_branch",4,8,-64,NA,
Aide_2000_fria,54,1,biomass_ag,4,12,-66,NA,
Baker_2007_lsoc,12,2,"woody.mortality_ag, deadwood",9,8,-68,NA,
Jassal_2010_ionf,12,2,"NEE, R_eco",3,8,-68,NA,
Valentini_2000_ratm,49,2,"NEE, R_eco",16,12,-71,NA,
Bergeron_2008_hdfh,8,2,"NEE, R_eco",2,8,-72,NA,
Chen_1993_soba,8,4,"biomass_ag, biomass_ag_woody, biomass_ag_foliage, biomass_root_coarse",1,8,-72,NA,
Clark_2013_ntfl,8,4,"biomass_root_fine, biomass_root, BNPP_root_fine, biomass_ag_woody",1,8,-72,NA,
Denslow_2000_viss,8,1,biomass_ag,1,8,-72,NA,
Fenn_2010_cdot,8,6,"ANPP_woody, BNPP_root_coarse, BNPP_root_fine, BNPP_root, NEE, R_eco",1,8,-72,NA,
Harmon_2004_prao,8,8,"NEP, R_eco, ANPP_woody_stem, ANPP_woody_branch, ANPP_woody, BNPP_root_coarse, BNPP_root_fine, BNPP_root",1,8,-72,NA,
Hirano_2003_cawv,8,2,"NEE, R_eco",1,8,-72,NA,
Huaraca Huasco_2014_spaa,8,4,"R_eco, NEP, BNPP_root, BNPP_root_fine",2,8,-72,NA,
Kitayama_2002_esap,8,1,ANPP_woody_stem,8,8,-72,NA,NA
Law_2000_moga,8,4,"NEE, R_eco, ANPP_woody, BNPP_root",1,8,-72,NA,
Liu_2002_bana,8,3,"biomass_ag_woody, biomass_ag_foliage, biomass_ag",1,8,-72,NA,
Luan_2011_rahr,8,2,"biomass_root_fine, soil",1,8,-72,NA,
Marin-Spiotta_2007_lpit,8,1,biomass_ag,2,8,-72,NA,
Misson_2010_fcit,8,2,"R_eco, NEP",1,8,-72,NA,
Mo_2005_ivic,8,1,R_eco,1,8,-72,NA,NA
Morgenstern_2004_sauo,8,2,"NEE, R_eco",1,8,-72,NA,
Pereira_2003_fcbi,8,4,"biomass_ag_foliage, biomass_ag, biomass, biomass_root",1,8,-72,NA,
Rice_2004_cbav,8,6,"biomass_ag, total.ecosystem_2, deadwood, deadwood_standing, deadwood_down, woody.mortality_ag",2,8,-72,NA,
Scatena_1993_banc,8,8,"biomass_ag, biomass_ag_foliage, biomass_ag_woody, biomass_root, biomass_root_fine, biomass_root_coarse, biomass_ag_understory, delta.agb",1,8,-72,NA,
Turner_1981_ncia,8,1,biomass_ag,2,8,-72,NA,
Zerva_2005_scdi,8,2,"biomass_root_coarse, biomass_root_fine",1,8,-72,NA,
Saleska_2003_ciaf,13,8,"biomass_ag, deadwood, biomass_root, biomass, ANPP_woody_stem, NEE, woody.mortality_ag, delta.agb",2,9,-77,NA,
Granier_2007_efsw,42,2,"NEE, R_eco",11,12,-78,NA,
Malhi_2017_tvop,22,3,"BNPP_root_coarse, ANPP_woody_branch, BNPP_root_fine",9,10,-78,NA,NA
Buschbacher_1988_apie,9,3,"biomass_root, biomass_ag, deadwood_down",1,9,-81,NA,
Gehring_1999_rosv,9,3,"biomass_ag, biomass_ag_foliage, deadwood",1,9,-81,NA,
Hoshizaki_2004_tasv,9,3,"biomass_ag, biomass_ag_woody, biomass_ag_foliage",1,9,-81,NA,
Irvine_2002_csri,9,3,"BNPP_root, BNPP_root_fine, BNPP_root.turnover_fine",1,9,-81,NA,NA
Isagi_1994_csac,9,9,"R_eco, NEP, BNPP_root, BNPP_root.turnover_fine, biomass_ag, biomass_root, biomass_root_coarse, biomass_root_fine, soil",1,9,-81,NA,
Jassal_2007_coer,9,3,"NEE, R_eco, NEP",2,9,-81,NA,
Jiang_2013_rosr,9,1,biomass_root_fine,1,9,-81,NA,
Martin_2007_ccia,9,3,"biomass_ag, biomass_root_coarse, biomass_root_fine",1,9,-81,NA,
Medina_1989_pona,9,5,"ANPP_litterfall_1, ANPP_litterfall_2, ANPP_woody, ANPP_woody_branch, BNPP_root_fine",2,9,-81,NA,NA
Ohtsuka_2005_bbeo,9,9,"ANPP_woody_stem, ANPP_woody_branch, ANPP_woody, BNPP_root_coarse, biomass_ag_foliage, biomass_ag_woody, biomass_root_coarse, biomass_ag, BNPP_root_fine",1,9,-81,NA,
Vogel_2005_sarr,9,3,"ANPP_woody_stem, ANPP_litterfall_1, biomass",3,9,-81,NA,
Webb_1999_daso,9,3,"biomass_ag, biomass_root, biomass",3,9,-81,NA,
Kowalski_2004_pcoc,16,3,"biomass_ag, NEE, R_eco",7,10,-84,NA,
Runyon_1994_elon,32,5,"ANPP_woody, BNPP_root, biomass_ag_foliage, biomass_ag_woody, biomass_ag",7,12,-88,NA,
Giardina_2003_ppac,10,3,"ANPP_woody, BNPP_root, biomass_root_coarse",2,10,-90,NA,
Golley_2013_ntfd,10,6,"biomass_ag_foliage, biomass_ag_woody, biomass_ag_understory, biomass, ANPP_litterfall_1, ANPP_litterfall_2",2,10,-90,NA,
Hibbard_2005_aaos,40,3,"R_eco, biomass_root_fine, soil",20,13,-90,NA,
McGroddy_2000_vibc,10,1,biomass_root_fine,1,10,-90,NA,
Ohtsuka_2010_ccan,10,7,"NEP, biomass, biomass_ag, biomass_root, biomass_root_fine, soil, biomass_ag_woody",2,10,-90,NA,
Uhl_1984_sand,10,2,"ANPP_litterfall_2, ANPP_woody_branch",1,10,-90,NA,NA
Wang_2004_ccfa,10,6,"NEE, R_eco, biomass_ag_woody, biomass_ag, biomass, biomass_root",1,10,-90,NA,
Wen_1997_bsot,10,5,"biomass, biomass_ag, biomass_ag_woody, biomass_ag_foliage, biomass_root",1,10,-90,NA,
Wen_2010_eceo,10,2,"NEE, R_eco",1,10,-90,NA,
Martin_2005_asri,24,2,"ANPP_woody_stem, biomass_root",13,12,-96,NA,
Davidson_2004_napl,11,4,"biomass_ag, deadwood, biomass_ag_foliage, biomass_ag_understory",1,11,-99,NA,
Ma_2008_oamo,11,4,"BNPP_root_fine, NEE, R_eco, NEP",2,11,-99,NA,
Zhang_1996_baeo,11,8,"biomass_ag_woody, biomass_ag, biomass_ag_foliage, biomass_root_coarse, biomass_root_fine, biomass_root, BNPP_root, ANPP_woody_stem",1,11,-99,NA,
Steele_1997_rmnp,18,3,"biomass_root_coarse, biomass_root_fine, biomass_root",6,12,-102,NA,
Vose_2006_baaf,18,6,"R_het_litter, biomass, biomass_ag, biomass_root, biomass_root_coarse, biomass_root_fine",2,12,-102,NA,
Lucas_1998_adcf,14,1,biomass_ag,7,12,-106,NA,
Allard_2008_saav,12,2,"NEE, R_eco",1,12,-108,NA,
Cusack_2011_eona,12,3,"biomass_ag, biomass_root_fine, soil",2,12,-108,NA,
Kolari_2009_ceac,12,2,"R_eco, NEP",1,12,-108,NA,
Kosugi_2008_ceoa,12,3,"NEE, R_eco, NEP",1,12,-108,NA,
MOU_1993_eosd,12,2,"biomass_ag, biomass_ag_understory",1,12,-108,NA,
Nakane_1984_cosc,12,6,"R_het_litter, biomass, biomass_ag, biomass_root, biomass_root_coarse, biomass_root_fine",1,12,-108,NA,
Priess_1994_cdas,12,4,"BNPP_root, BNPP_root_fine, biomass_ag, biomass_root_fine",1,12,-108,NA,
REINERS_1992_yoer,12,2,"biomass_ag_understory, biomass_ag",1,12,-108,NA,
Ruess_2003_cfrd,12,4,"ANPP_woody_stem, BNPP_root_fine, biomass_ag, biomass_root_fine",3,12,-108,NA,
Saiz_2006_saeo,12,3,"biomass_root, biomass_root_coarse, biomass_root_fine",4,12,-108,NA,
Zhang_2010_rctu,12,2,"NEE, R_eco",1,12,-108,NA,
Johnson_2018_csss,28,2,"biomass_ag, woody.mortality_ag",14,14,-112,NA,
da Costa_2014_eran,13,8,"ANPP_woody_branch, ANPP_woody_stem, BNPP_root_coarse, BNPP_root_fine, biomass_ag, R_eco, NEP, BNPP_root",2,13,-117,NA,
Doughty_2014_tpaa,13,8,"ANPP_woody_branch, ANPP_woody_stem, BNPP_root_coarse, BNPP_root_fine, biomass_ag, R_eco, NEP, BNPP_root",2,13,-117,NA,
Fukushima_2008_sfsa,13,1,biomass_ag,2,13,-117,NA,
Jordan_1999_ntfs,13,11,"ANPP_woody_stem, ANPP_woody_branch, ANPP_woody, BNPP_root_coarse, BNPP_root_fine, BNPP_root, biomass_ag_foliage, biomass_ag_woody, biomass_ag, biomass, biomass_root",1,13,-117,NA,
Martinez-Yrizar_1996_nppo,13,5,"biomass_ag, NPP_woody, BNPP_root_fine, BNPP_root_coarse, BNPP_root",3,13,-117,NA,
Toma_2005_lmop,13,1,biomass_ag,1,13,-117,NA,
Lucas_2002_froa,16,1,biomass_ag,7,14,-124,NA,
Litton_2004_eotd,35,8,"ANPP_woody_stem, BNPP_root_coarse, biomass_ag, biomass_root, biomass_root_coarse, biomass_root_fine, biomass_ag_understory, deadwood_down",5,16,-125,NA,
Thomas_2009_shei,14,2,"NEE, R_eco",1,14,-126,NA,
Yan_2013_saoc,14,2,"R_eco, NEP",1,14,-126,NA,
Gehring_2005_rosf,33,1,biomass_ag,3,16,-127,NA,
Chao_2009_atdq,22,2,"deadwood, woody.mortality_ag",14,15,-128,NA,
Curtis_2005_rcla,15,2,"R_eco, NEP",2,15,-135,NA,
Fang_2003_rofs,15,5,"biomass, biomass_ag, biomass_ag_woody, biomass_ag_foliage, biomass_root",1,15,-135,NA,
Gough_2008_mcob,15,3,"NEE, NEP, BNPP_root.turnover_fine",2,15,-135,NA,
Helmisaari_1995_ncip,15,4,"biomass_ag, biomass_root, biomass, biomass_ag_understory",1,15,-135,NA,
Law_2001_satv,15,13,"NEP, R_eco, ANPP_woody, BNPP_root_coarse, BNPP_root_fine, BNPP_root, biomass_ag_foliage, biomass_ag_woody, biomass_root_coarse, biomass_root_fine, biomass_ag, biomass, biomass_root",1,15,-135,NA,
Mascaro_2012_soac,15,1,biomass_ag,1,15,-135,NA,
Sheng_2010_tdro,15,1,biomass_root_fine,2,15,-135,NA,
Takahashi_2011_tvih,15,5,"R_het_litter, biomass_root, biomass_root_coarse, biomass_root_fine, soil",1,15,-135,NA,
Thuille_2000_csas,15,2,"soil, biomass_ag",3,15,-135,NA,
Zha_2007_tacc,24,3,"NEE, NEP, R_eco",2,16,-136,NA,
Moser_2011_eeot,43,9,"ANPP_woody_branch, ANPP_woody_stem, ANPP_woody, BNPP_root_coarse, BNPP_root_fine, BNPP_root, biomass_root, biomass_ag, biomass_ag_foliage",5,18,-137,NA,
Keller_2004_cwdi,42,2,"deadwood_down, woody.mortality_ag",2,18,-138,NA,
Hutyra_2007_scot,16,2,"NEE, R_eco",1,16,-144,NA,
Kraenzel_2003_csoh,16,3,"biomass_ag, biomass_root, biomass",4,16,-144,NA,
Melillo_2011_swci,16,2,"NPP_woody, biomass_root_fine",1,16,-144,NA,
Pereira_2007_nece,16,2,"NEE, R_eco",2,16,-144,NA,
Rodrigues_2011_eyoc,16,2,"NEE, R_eco",1,16,-144,NA,
Ryan_2004_aeto,16,2,"ANPP_woody_stem, BNPP_root_coarse",1,16,-144,NA,NA
Uhl_1987_fcsf,16,4,"biomass_ag, biomass_root, biomass, biomass_ag_foliage",1,16,-144,NA,
Humphreys_2006_cdfi,23,4,"NEE, R_eco, biomass_ag, NEP",6,17,-147,NA,
Clark_2001_nppi,27,3,"ANPP_woody_stem, ANPP_litterfall_1, ANPP_litterfall_2",19,18,-153,NA,NA
Jurik_1991_sroa,17,1,biomass_ag,5,17,-153,NA,
Lloyd_2002_saav,17,15,"NEE, R_eco, ANPP_woody_stem, ANPP_woody_branch, ANPP_woody, BNPP_root_coarse, BNPP_root_fine, BNPP_root, biomass_ag_foliage, biomass_ag_woody, biomass_root_coarse, biomass_root_fine, biomass_ag, biomass, biomass_root",1,17,-153,NA,
Barford_2001_fcla,18,2,"NEE, R_eco",1,18,-162,NA,
del Aguila-Pasquel_2014_tsco,18,8,"ANPP_woody_branch, ANPP_woody_stem, BNPP_root_coarse, BNPP_root_fine, biomass_ag, R_eco, NEP, BNPP_root",3,18,-162,NA,
Fang_2013_teot,18,6,"biomass, biomass_ag, biomass_root, biomass_root_coarse, biomass_root_fine, soil",1,18,-162,NA,
Malhi_2014_tpma,18,8,"ANPP_woody_stem, ANPP_woody_branch, BNPP_root_coarse, BNPP_root_fine, biomass_ag, R_eco, NEP, BNPP_root",2,18,-162,NA,
McCarthy_2010_ropc,18,1,biomass,1,18,-162,NA,
Mou_1993_eosd,18,1,biomass_ag,3,18,-162,NA,
Saigusa_2005_ivoc,18,2,"NEE, R_eco",1,18,-162,NA,
Tran_2010_rpoa,18,2,"biomass_ag, ANPP_woody_stem",7,18,-162,NA,
Wen_1999_sobo,18,5,"biomass, biomass_ag, biomass_ag_woody, biomass_ag_foliage, biomass_root",3,18,-162,NA,
McGarvey_2015_csio,43,4,"biomass_ag, deadwood, O.horizon, litter",24,21,-167,NA,
King_2007_bpir,41,5,"biomass_ag, biomass_root, stem_pC, biomass_ag_woody, biomass_ag_foliage",9,21,-169,NA,
Beringer_2007_sfat,20,2,"NEE, R_eco",1,20,-180,NA,
Crow_1980_arca,20,4,"biomass_ag, biomass_root_coarse, biomass, biomass_root",1,20,-180,NA,
Dunn_2007_alro,20,2,"NEE, R_eco",1,20,-180,NA,
Laclau_2000_doba,20,4,"biomass_ag_foliage, biomass_ag, biomass_root, biomass",1,20,-180,NA,
Russell_2010_ioit,20,4,"ANPP_litterfall_1, ANPP_woody_stem, NPP_woody, BNPP_root",2,20,-180,NA,NA
Steininger_2000_sfsa,20,1,biomass_ag,1,20,-180,NA,
Stoy_2006_aeom,20,2,"NEE, R_eco",2,20,-180,NA,
Bascietto_2003_dots,143,7,"NEP, ANPP_woody_stem, ANPP_woody_branch, ANPP_woody, BNPP_root_coarse, BNPP_root_fine, BNPP_root",20,33,-187,NA,
Yazaki_2016_baan,21,3,"biomass_ag_understory, biomass_ag, biomass_root",1,21,-189,NA,
Chave_2010_rasp,52,1,ANPP_litterfall_1,50,25,-198,NA,
Fehse_2002_hats,42,5,"biomass_ag, deadwood_standing, ANPP_woody_stem, biomass_ag_understory, deadwood_down",3,24,-198,NA,
White_2004_baas,22,2,"biomass_ag, biomass_ag_understory",2,22,-198,NA,
Gower_1997_cdaa,36,4,"biomass_ag_foliage, biomass_ag_woody, biomass_ag, deadwood_down",11,24,-204,NA,
Fukushima_2007_rpof,25,2,"biomass_ag, biomass_ag_understory",2,23,-205,NA,
Chave_2008_aepa,94,4,"biomass_ag, delta.agb, ANPP_woody_stem, woody.mortality_ag",12,30,-206,NA,
Mkhabela_2009_cocd,28,2,"NEE, R_eco",7,24,-212,NA,
Clebsch_1989_ssgd,25,3,"biomass_ag, ANPP_woody_branch, ANPP_woody_stem",8,24,-215,NA,
Aide_1995_fria,24,2,"biomass_ag, biomass_ag_understory",2,24,-216,NA,
Schwalm_2007_amfd,33,2,"NEE, R_eco",3,25,-217,NA,
Meakem_2018_rots,29,4,"delta.agb, ANPP_woody_stem, woody.mortality_ag, biomass_ag",3,25,-221,NA,
Kolari_2004_cbod,36,10,"R_eco, NEE, biomass_ag_foliage, biomass_root_coarse, soil, deadwood, biomass_ag_woody, biomass_ag, biomass, biomass_root",4,26,-224,NA,
Alves_1997_bopa,25,2,"biomass_ag, ANPP_woody_stem",10,25,-225,NA,
Chen_2010_bacd,26,1,biomass,2,26,-234,NA,
Urbanski_2007_fcce,26,2,"NEE, R_eco",1,26,-234,NA,
Krishnan_2009_ivot,38,2,"NEE, R_eco",3,28,-242,NA,
Poorter_2015_decs,58,1,biomass_ag,58,30,-242,NA,
Chan_2013_eoam,30,1,biomass_ag,1,30,-270,NA,
Montagnini_2000_aiab,30,3,"biomass_ag_foliage, biomass_ag_woody, biomass_ag",1,30,-270,NA,
Ohtsuka_2007_bbcf,30,6,"NEP, BNPP_root, biomass_ag, biomass_root, biomass_root_coarse, biomass_root_fine",1,30,-270,NA,
Yu_2014_hcdu,65,2,"NEE, R_eco",34,34,-275,NA,
Aragao_2009_aabn,54,6,"ANPP_litterfall_1, ANPP_woody_stem, ANPP_woody, BNPP_root_coarse, BNPP_root_fine, BNPP_root",14,33,-276,NA,NA
Faber-Langendoen_1992_ecor,31,1,biomass_ag,2,31,-279,NA,
Hiratsuka_2006_bron,32,1,biomass_ag,1,32,-288,NA,
Ryan_1997_acco,66,10,"ANPP_woody, BNPP_root, biomass_root_coarse, biomass_root_fine, biomass_ag, biomass, biomass_root, BNPP_root_fine, BNPP_root.turnover_fine, biomass_ag_understory",13,37,-304,NA,
Hirata_2008_sdoc,66,2,"NEE, R_eco",13,38,-314,NA,
Campbell_2004_scos,36,3,"BNPP_root, biomass, biomass_root_fine",12,36,-324,NA,
Kenzo_2010_ciaa,36,3,"biomass_ag, biomass_root_fine, biomass_root",3,36,-324,NA,
Clark_2004_cdaa,37,8,"NEE, R_eco, biomass_ag_woody, biomass_ag, biomass, biomass_root, NEP, biomass_root_coarse",4,37,-333,NA,
Kauffman_1988_fitv,37,3,"biomass_ag, deadwood, deadwood_down",7,37,-333,NA,
Girardin_2010_nppa,61,6,"ANPP_woody_branch, ANPP_woody_stem, ANPP_woody, BNPP_root_coarse, BNPP_root_fine, BNPP_root",9,40,-339,NA,NA
Wirth_2002_fast,38,3,"biomass_ag, deadwood_down, biomass_root",1,38,-342,NA,
Siddique_2010_napa,39,2,"biomass_ag, biomass_ag_understory",1,39,-351,NA,
Howard_2004_eolo,40,8,"NEP, BNPP_root, BNPP_root_fine, biomass, biomass_ag, biomass_root_coarse, biomass_root_fine, soil",1,40,-360,NA,
Law_2001_csaf,40,14,"ANPP_woody_stem, BNPP_root_coarse, BNPP_root, BNPP_root_fine, NEP, R_eco, biomass_ag_foliage, biomass_ag_woody, biomass_root_coarse, soil, biomass_root_fine, biomass_ag, biomass_root, biomass_ag_understory",2,40,-360,NA,
Mund_2002_gacs,42,7,"ANPP_woody_stem, ANPP_woody_branch, ANPP_woody, biomass_ag_foliage, biomass_ag_woody, biomass_root_coarse, biomass_ag",6,42,-378,NA,
Curtis_2002_baeb,64,13,"BNPP_root_fine, biomass_ag_woody, BNPP_root_coarse, ANPP_woody, NEE, biomass_root_fine, biomass_root_coarse, biomass_ag_foliage, BNPP_root, biomass_ag, biomass, biomass_root, NEP",9,49,-426,NA,
DeAngelis_1981_pofe,695,13,"BNPP_root, biomass_ag, biomass, biomass_root, biomass_ag_woody, biomass_ag_foliage, deadwood_standing, soil, biomass_root_coarse, biomass_root_fine, ANPP_litterfall_2, ANPP_woody_branch, ANPP_woody_stem",108,114,-445,NA,
Junqueira_2010_sfoa,52,1,biomass_ag,1,52,-468,NA,
Clark_2013_ntfc,111,11,"biomass_ag, biomass_root, ANPP_litterfall_2, ANPP_woody_branch, soil, ANPP_litterfall_1, deadwood_standing, biomass_root_fine, biomass_ag_woody, biomass_ag_foliage, deadwood",45,58,-469,NA,
Dore_2010_cawf,57,9,"NEE, R_eco, NEP, BNPP_root, BNPP_root_fine, biomass, biomass_root_coarse, biomass_root_fine, soil",5,53,-473,NA,
Hughes_1999_bcan,53,4,"biomass_ag, deadwood, soil, deadwood_down",13,53,-477,NA,
Letcher_2009_rrob,53,1,biomass_ag,5,53,-477,NA,
Law_2002_ecoc,83,2,"NEE, R_eco",19,57,-487,NA,
Norby_2005_frte,128,3,"NPP_woody, BNPP_root_fine, biomass_root_fine",4,62,-492,NA,
Hooker_2003_feca,56,4,"biomass_ag, deadwood, soil, biomass_root",13,56,-504,NA,
Sierra_2007_tcsi,56,7,"biomass_ag, soil, deadwood_down, deadwood_standing, biomass_root_fine, biomass_root_coarse, ANPP_woody_stem",2,56,-504,NA,
Rothstein_2004_laro,85,7,"soil, biomass_root_fine, deadwood, biomass_ag, biomass_root, biomass_ag_understory, deadwood_down",11,69,-605,NA,
Uhl_1988_apie,68,5,"biomass_ag, deadwood, ANPP_woody_stem, deadwood_down, biomass_ag_understory",6,68,-612,NA,
Gough_2007_tloh,70,8,"NEP, ANPP_woody, BNPP_root_coarse, BNPP_root_fine, BNPP_root, biomass_root, biomass_ag_understory, biomass_ag",3,70,-630,NA,
Hanson_2003_etnp,71,15,"NEP, R_eco, ANPP_woody_stem, ANPP_woody_branch, ANPP_woody, BNPP_root_coarse, BNPP_root_fine, BNPP_root, biomass_ag_foliage, biomass_ag_woody, biomass_root_coarse, biomass_root_fine, biomass_ag, biomass, biomass_root",1,71,-639,NA,
Vargas_2008_baca,74,6,"biomass_root_fine, soil, deadwood_standing, biomass_ag, biomass_ag_understory, deadwood_down",1,74,-666,NA,
Malhi_2011_taoe,141,5,"NPP_woody, ANPP_litterfall_1, ANPP_woody_stem, BNPP_root_fine, ANPP_woody",62,82,-679,NA,NA
Ilvesniemi_2009_lmot,76,7,"NEE, R_eco, NEP, BNPP_root, BNPP_root.turnover_fine, biomass_ag, biomass_root_coarse",2,76,-684,NA,
Goulden_2011_pong,80,8,"NEE, ANPP_woody_stem, deadwood, R_eco, biomass, BNPP_root_fine, biomass_ag, deadwood_down",19,78,-700,NA,
Matamala_2000_eoea,80,3,"biomass_root_coarse, biomass_root_fine, biomass_root",1,80,-720,NA,
Powers_2009_daso,80,1,biomass_ag,2,80,-720,NA,
McMahon_2010_efar,90,1,biomass_ag,1,90,-810,NA,
Wirth_2002_babc,92,6,"ANPP_woody_stem, ANPP_woody_branch, ANPP_woody, BNPP_root_coarse, BNPP_root_fine, BNPP_root",16,92,-828,NA,NA
Janisch_2002_scil,93,3,"biomass_ag_woody, deadwood, deadwood_down",3,93,-837,NA,
CarboEurope-IP_2006_cd,331,9,"NEE, R_eco, biomass_ag_foliage, biomass_ag_woody, biomass_ag, biomass_root_coarse, biomass_root_fine, biomass, biomass_root",35,118,-849,NA,
Baker_2004_ibia,118,1,biomass_ag,49,98,-862,NA,
Smithwick_2002_pubo,172,4,"biomass_ag, deadwood_down, deadwood, deadwood_standing",40,112,-948,NA,
Guo_2014_part,5928,2,"biomass_ag, biomass_root",1490,690,-972,NA,
Malhi_2004_tacw,175,2,"ANPP_woody_stem, ANPP_litterfall_1",87,116,-985,NA,NA
Lugo_1992_cott,112,8,"biomass_ag, biomass_ag_foliage, biomass, ANPP_litterfall_1, ANPP_litterfall_2, biomass_root_fine, biomass_ag_woody, biomass_root",8,112,-1008,NA,
Sierra_2012_tcai,126,4,"biomass_ag, biomass_root, biomass_ag_understory, deadwood_down",1,126,-1134,NA,
Becknell_2014_saas,149,1,biomass_ag,2,149,-1341,NA,
King_2005_tocn,162,7,"ANPP_woody_stem, biomass_ag, biomass_ag_woody, biomass_ag_foliage, biomass_root_coarse, biomass_root_fine, BNPP_root_coarse",1,162,-1458,NA,
Xu_2015_proa,164,1,biomass_ag,164,164,-1476,NA,
Luo_1996_ponp,880,3,"biomass_ag, biomass, biomass_root",294,244,-1560,NA,
Bond-Lamberty_2004_corr,202,12,"ANPP_woody, BNPP_root_coarse, BNPP_root_fine, BNPP_root, NEP, BNPP_root.turnover_fine, biomass, biomass_ag, biomass_root, biomass_root_coarse, biomass_root_fine, soil",28,183,-1628,NA,
Cifuentes-Jara_2008_abae,643,6,"deadwood, biomass_ag, biomass_root, soil, deadwood_down, biomass_ag_understory",54,271,-2067,NA,
Saldarriaga_1988_lcof,287,7,"biomass_ag_foliage, biomass_ag_woody, biomass_ag, biomass_root, biomass, deadwood, deadwood_down",24,287,-2583,NA,
Luyssaert_2007_cbob,1395,16,"biomass_ag_foliage, biomass_ag_woody, biomass_root_coarse, biomass_root_fine, biomass_ag, biomass, biomass_root, NEP, ANPP_woody_stem, ANPP_woody_branch, ANPP_woody, BNPP_root_coarse, BNPP_root_fine, BNPP_root, NEE, R_eco",165,726,-5865,NA,
